Name,state,summit_elev,vertical_drop,trams,fastEight,fastSixes,fastQuads,quad,triple,double,surface,total_chairs,Runs,TerrainParks,LongestRun_mi,SkiableTerrain_ac,Snow Making_ac,daysOpenLastYear,yearsOpen,averageSnowfall,AdultWeekday,AdultWeekend,projectedDaysOpen,NightSkiing_ac,cluster
Alyeska Resort,Alaska,3939,7.824445930877619,1,0.0,0,2,2,0,0,2,7,4.343805421853684,1.0986122886681098,0.6931471805599453,7.384610383176974,4.736198448394496,150.0,4.110873864173311,6.507277712385012,65.0,85.0,150.0,6.311734809152915,2
Eaglecrest Ski Area,Alaska,2600,7.340186835320115,0,0.0,0,0,0,0,4,0,4,3.6109179126442243,0.6931471805599453,1.0986122886681098,6.46302945692067,4.110873864173311,45.0,3.8066624897703196,5.860786223465865,47.0,53.0,90.0,0.0,0
Hilltop Ski Area,Alaska,2090,5.68697535633982,0,0.0,0,0,0,1,0,2,3,2.6390573296152584,0.6931471805599453,0.6931471805599453,3.4339872044851463,3.4339872044851463,150.0,3.6109179126442243,4.248495242049359,30.0,34.0,152.0,3.4339872044851463,0
Arizona Snowbowl,Arizona,11500,7.741099090035366,0,0.0,1,0,2,2,1,2,8,4.02535169073515,1.6094379124341003,1.0986122886681098,6.656726524178391,4.653960350157523,122.0,4.406719247264253,5.564520407322694,89.0,89.0,122.0,0.0,3
Sunrise Park Resort,Arizona,11100,7.496097345175956,0,0.0,0,1,2,3,1,0,7,4.189654742026425,1.0986122886681098,0.7884573603642703,6.68586094706836,4.394449154672439,115.0,3.912023005428146,5.5254529391317835,74.0,78.0,104.0,4.394449154672439,3
Yosemite Ski & Snowboard Area,California,7800,6.398594934535208,0,0.0,0,0,0,1,3,1,5,2.3978952727983707,1.0986122886681098,0.3364722366212129,4.48863636973214,0.0,110.0,4.442651256490317,5.707110264748875,47.0,47.0,107.0,0.0,1
Bear Mountain,California,8805,7.418180822726788,0,0.0,0,2,1,2,3,4,12,3.332204510175204,2.70805020110221,0.9162907318741551,5.293304824724492,5.293304824724492,122.0,4.343805421853684,4.61512051684126,57.91695652173913,47.0,130.0,0.0,1
Bear Valley,California,8500,7.550135342488429,0,0.0,1,1,0,2,4,2,10,4.219507705176107,1.0986122886681098,0.7884573603642703,7.427144133408616,4.61512051684126,165.0,3.970291913552122,5.886104031450156,57.91695652173913,47.0,151.0,0.0,1
Boreal Mountain Resort,California,7700,6.2166061010848646,0,0.0,0,1,1,3,1,2,8,3.5263605246161616,1.9459101490553132,0.6931471805599453,5.942799375126701,5.303304908059076,150.0,4.007333185232471,5.993961427306569,49.0,47.0,150.0,5.303304908059076,1
Dodge Ridge,California,8200,7.3783837129967145,0,0.0,0,0,1,2,5,4,12,4.219507705176107,1.791759469228055,1.0986122886681098,6.760414691083428,0.0,115.10394265232976,4.248495242049359,5.860786223465865,78.0,78.0,140.0,0.0,1
Donner Ski Ranch,California,8012,6.621405651764134,0,0.0,0,0,0,1,5,2,8,3.970291913552122,1.0986122886681098,0.9162907318741551,6.226536669287466,4.110873864173311,163.0,4.418840607796598,5.993961427306569,75.0,75.0,170.0,0.0,1
Heavenly Mountain Resort,California,10067,8.160803920954665,2,0.0,2,7,1,5,3,8,28,4.584967478670572,1.3862943611198906,1.8718021769015913,8.476579508530941,4.465908118654584,155.0,4.174387269895637,5.8888779583328805,57.91695652173913,75.0,157.0,0.0,3
June Mountain,California,10090,7.85979918056211,0,0.0,0,2,0,0,4,1,7,3.7376696182833684,1.0986122886681098,1.0986122886681098,7.313886831633462,0.0,115.10394265232976,4.07753744390572,5.5254529391317835,57.91695652173913,75.0,128.0,0.0,3
Kirkwood,California,9800,7.601402334583733,0,0.0,0,2,1,5,1,3,12,4.454347296253507,1.0986122886681098,1.252762968495368,7.741099090035366,5.303304908059076,200.0,3.871201010907891,5.872117789475416,57.91695652173913,75.0,167.0,0.0,3
Mammoth Mountain Ski Area,California,11053,8.03947991910045,3,0.0,2,9,1,6,4,0,25,5.043425116919247,2.0794415416798357,1.3862943611198906,8.160803920954665,6.55250788703459,243.0,4.204692619390966,5.993961427306569,149.0,159.0,120.0530035335689,0.0,3
Mt. Shasta Ski Park,California,6890,7.269616749608169,0,0.0,0,0,0,3,0,1,4,3.4965075614664802,1.0986122886681098,0.7419373447293773,6.054439346269371,5.420534999272286,140.0,3.5553480614894135,5.707110264748875,49.0,59.0,130.0,0.0,1
Mountain High,California,8200,7.3783837129967145,0,0.0,0,2,2,2,5,3,14,4.0943445622221,0.6931471805599453,0.9555114450274363,5.673323267171493,5.62040086571715,118.0,4.564348191467836,4.6913478822291435,84.0,84.0,150.0,4.30406509320417,1
Mt. Baldy,California,8600,7.650168700845001,0,0.0,0,0,0,0,4,0,4,3.295836866004329,0.0,1.252762968495368,5.993961427306569,4.394449154672439,175.0,4.219507705176107,5.187385805840755,69.0,69.0,200.0,0.0,1
Northstar California,California,8610,7.732369222284388,2,0.0,1,7,1,2,0,7,20,4.61512051684126,2.302585092994046,0.8754687373538999,8.061802274538348,4.465908118654584,135.0,3.871201010907891,5.860786223465865,57.91695652173913,69.0,150.0,0.0,1
Sierra-at-Tahoe,California,8852,7.70210434005105,0,0.0,0,3,0,1,5,5,14,3.8501476017100584,1.9459101490553132,1.252762968495368,7.601402334583733,5.303304908059076,160.0,4.30406509320417,6.133398042996649,99.0,69.0,144.0,0.0,1
Ski China Peak,California,8709,7.426549072397305,0,0.0,0,0,1,4,2,4,11,3.828641396489095,0.6931471805599453,1.1631508098056809,7.244941546337007,5.017279836814924,140.0,4.143134726391533,5.707110264748875,83.0,83.0,144.0,0.0,1
Snow Summit,California,8200,7.0909098220799835,0,0.0,0,2,0,4,5,5,16,3.332204510175204,1.9459101490553132,0.7884573603642703,5.484796933490655,5.484796933490655,115.10394265232976,4.219507705176107,4.61512051684126,57.91695652173913,83.0,130.0,5.017279836814924,1
Snow Valley,California,7841,6.948897222313312,0,0.0,0,0,0,5,6,1,12,3.367295829986474,1.9459101490553132,0.7884573603642703,5.484796933490655,5.241747015059643,111.0,4.418840607796598,5.081404364984463,69.0,79.0,143.0,5.10594547390058,1
Soda Springs,California,7352,6.481577129276431,0,0.0,0,0,0,1,1,2,4,2.9444389791664403,0.0,0.3364722366212129,5.303304908059076,3.044522437723423,150.0,4.430816798843313,5.993961427306569,50.0,50.0,144.0,0.0,1
Sugar Bowl Resort,California,8383,7.313886831633462,1,0.0,0,5,3,1,0,2,12,4.663439094112067,1.3862943611198906,1.3862943611198906,7.409136443920128,5.929589143389895,151.0,4.394449154672439,6.2166061010848646,125.0,125.0,150.0,0.0,1
Tahoe Donner,California,7350,6.398594934535208,0,0.0,0,0,1,1,0,3,5,2.70805020110221,1.0986122886681098,0.6931471805599453,4.795790545596741,0.0,150.0,3.8918202981106265,5.993961427306569,69.0,69.0,144.0,0.0,1
Arapahoe Basin Ski Area,Colorado,13050,7.836369760545124,0,0.0,0,1,2,1,2,3,9,4.983606621708336,1.3862943611198906,0.9162907318741551,7.264730177929867,4.836281906951478,230.0,4.30406509320417,5.860786223465865,85.0,85.0,233.0,0.0,3
Aspen / Snowmass,Colorado,12510,8.390949464841986,3,0.0,1,15,4,3,5,9,40,5.820082930352362,2.3978952727983707,1.840549633397487,8.615770754777232,6.490723534502507,138.0,4.290459441148391,5.707110264748875,179.0,179.0,138.0,0.0,3
Beaver Creek,Colorado,11440,8.114025442356757,2,0.0,0,11,0,1,1,9,24,5.017279836814924,1.3862943611198906,1.33500106673234,7.513709247839705,6.478509642208569,145.0,3.6888794541139363,5.780743515792329,57.91695652173913,179.0,138.0,0.0,3
Breckenridge,Colorado,12998,8.131236549696116,1,0.0,5,6,0,1,6,15,34,5.236441962829949,1.6094379124341003,1.5040773967762742,7.975564658495202,6.398594934535208,182.0,4.07753744390572,5.707110264748875,57.91695652173913,179.0,163.0,0.0,3
Copper Mountain Resort,Colorado,12313,7.915348169263078,1,0.0,2,4,0,4,4,9,24,5.017279836814924,1.9459101490553132,0.9932517730102834,7.8351837552667485,5.8998973535824915,164.0,3.871201010907891,5.707110264748875,158.0,158.0,164.0,0.0,3
Crested Butte Mountain Resort,Colorado,12162,8.027150106832774,0,0.0,0,4,2,2,1,5,14,4.804021044733257,1.6094379124341003,1.2809338454620642,7.344719054149673,5.697093486505405,145.0,4.07753744390572,5.459585514144159,57.91695652173913,158.0,131.0,0.0,3
Purgatory,Colorado,10822,7.615791072035833,0,0.0,1,2,0,3,3,3,12,4.624972813284271,2.302585092994046,0.8329091229351039,7.381501894506707,5.5254529391317835,130.0,4.007333185232471,5.564520407322694,89.0,89.0,130.0,0.0,3
Eldora Mountain Resort,Colorado,10600,7.244941546337007,0,0.0,1,0,2,1,3,3,10,4.189654742026425,2.1972245773362196,1.3862943611198906,6.523562306149512,6.523562306149512,147.0,4.060443010546419,5.7430031878094825,57.91695652173913,89.0,150.0,0.0,3
Howelsen Hill,Colorado,7136,6.089044875446846,0,0.0,0,0,0,0,1,3,4,2.8903717578961645,0.6931471805599453,1.9459101490553132,3.9318256327243257,3.258096538021482,100.0,4.653960350157523,5.017279836814924,25.0,25.0,100.0,2.3978952727983707,1
Keystone,Colorado,12408,8.048468743668883,2,0.0,2,4,1,1,2,8,20,4.859812404361672,0.6931471805599453,1.5040773967762742,8.054840221101024,6.4967749901858625,184.0,3.912023005428146,5.4638318050256105,57.91695652173913,25.0,120.0530035335689,5.666426688112432,3
Loveland,Colorado,13010,7.701200180857446,0,0.0,0,1,3,3,2,1,10,4.553876891600541,0.6931471805599453,1.0986122886681098,7.496097345175956,5.484796933490655,205.0,4.418840607796598,6.0473721790462776,79.0,79.0,184.0,0.0,3
Monarch Mountain,Colorado,11952,7.0587581525186645,0,0.0,0,0,1,0,4,2,7,4.174387269895637,1.0986122886681098,0.6931471805599453,6.68586094706836,0.0,143.0,4.394449154672439,5.860786223465865,89.0,89.0,136.0,0.0,3
Powderhorn,Colorado,9850,7.409136443920128,0,0.0,0,1,0,0,2,2,5,3.7612001156935624,1.0986122886681098,0.9162907318741551,7.3783837129967145,3.7612001156935624,111.0,3.9889840465642745,5.5254529391317835,71.0,71.0,110.0,0.0,3
Silverton Mountain,Colorado,13487,8.035278911144667,0,0.0,0,0,0,0,1,0,1,3.7612001156935624,0.0,0.9162907318741551,5.303304908059076,0.0,175.0,2.8903717578961645,5.993961427306569,79.0,79.0,181.0,0.0,3
Cooper,Colorado,11700,7.0909098220799835,0,0.0,0,0,0,1,1,2,4,3.7376696182833684,0.6931471805599453,0.6931471805599453,5.993961427306569,0.0,130.0,4.31748811353631,5.564520407322694,56.0,56.0,130.0,0.0,3
Ski Granby Ranch,Colorado,9202,6.90875477931522,0,0.0,0,2,0,1,1,1,5,3.713572066704308,0.6931471805599453,0.47000362924573563,6.008813185442595,5.14166355650266,116.0,3.6109179126442243,5.3981627015177525,84.0,84.0,92.0,4.61512051684126,1
Steamboat,Colorado,10568,8.207674424355282,1,0.0,1,6,0,5,2,3,18,5.135798437050262,1.6094379124341003,1.3862943611198906,7.994969522697877,5.929589143389895,145.0,4.04305126783455,5.820082930352362,57.91695652173913,84.0,145.0,3.4339872044851463,3
Sunlight Mountain Resort,Colorado,9895,7.606387389772652,0,0.0,0,0,0,1,2,0,3,4.219507705176107,0.6931471805599453,1.252762968495368,6.523562306149512,3.4339872044851463,100.0,3.9889840465642745,5.5254529391317835,65.0,65.0,135.0,0.0,3
Telluride,Colorado,13150,8.395251520610994,2,0.0,0,6,1,2,2,4,17,5.003946305945459,1.3862943611198906,1.7227665977411035,7.601402334583733,5.3981627015177525,131.0,3.871201010907891,5.638354669333745,139.0,139.0,137.0,0.0,3
Vail,Colorado,11570,8.146419323098003,2,0.0,3,15,1,1,0,9,31,5.278114659230517,1.3862943611198906,1.6094379124341003,8.573573524852344,6.135564891081739,149.0,4.060443010546419,5.872117789475416,57.91695652173913,139.0,142.0,0.0,3
Winter Park Resort,Colorado,12060,8.026496938945412,1,0.0,2,7,0,4,6,5,25,5.117993812416755,2.0794415416798357,1.7749523509116738,8.033334015880062,5.749392985908253,158.0,4.382026634673881,5.8888779583328805,57.91695652173913,139.0,151.0,0.0,3
Wolf Creek Ski Area,Colorado,11904,7.380879035564116,0,0.0,0,3,1,2,1,3,10,4.795790545596741,0.0,1.0986122886681098,7.3783837129967145,1.791759469228055,130.0,4.394449154672439,6.066108090103747,72.0,72.0,150.0,0.0,3
Mohawk Mountain,Connecticut,1600,6.478509642208569,0,0.0,0,0,0,5,0,3,8,3.258096538021482,0.0,0.9162907318741551,4.68213122712422,4.61512051684126,115.10394265232976,4.290459441148391,4.532599493153256,30.0,65.0,110.0,4.174387269895637,0
Mount Southington Ski Area,Connecticut,525,6.054439346269371,0,0.0,0,0,0,2,2,3,7,2.70805020110221,1.0986122886681098,0.26236426446749106,3.9512437185814275,3.9512437185814275,63.0,4.02535169073515,4.394449154672439,60.0,60.0,95.0,3.9512437185814275,0
Powder Ridge Park,Connecticut,720,6.311734809152915,0,0.0,0,0,0,1,2,2,5,2.995732273553991,1.6094379124341003,0.4054651081081644,4.394449154672439,4.23410650459726,80.0,4.110873864173311,4.394449154672439,45.0,55.0,100.0,3.713572066704308,0
Ski Sundown,Connecticut,1075,6.439350371100098,0,0.0,0,0,0,3,0,2,5,2.833213344056216,1.0986122886681098,0.6931471805599453,4.2626798770413155,4.2626798770413155,84.0,3.9318256327243257,3.828641396489095,62.0,62.0,95.0,4.204692619390966,0
Woodbury Ski Area,Connecticut,730,5.707110264748875,0,0.0,0,0,0,0,1,4,5,2.5649493574615367,1.0986122886681098,0.1823215567939546,3.9318256327243257,3.9318256327243257,126.0,4.060443010546419,4.2626798770413155,42.0,42.0,180.0,3.58351893845611,0
Bogus Basin,Idaho,7582,7.496097345175956,0,0.0,0,3,0,1,3,4,11,4.5217885770490405,1.3862943611198906,0.9162907318741551,7.8636512654486515,0.0,134.0,4.356708826689592,5.5254529391317835,64.0,64.0,130.0,5.111987788356544,1
Brundage Mountain Resort,Idaho,7640,7.496097345175956,0,0.0,0,1,0,4,0,1,6,3.9512437185814275,1.0986122886681098,1.4350845252893227,7.560601162768557,1.0986122886681098,126.0,4.07753744390572,5.771441123130016,70.0,70.0,120.0530035335689,0.0,1
Kelly Canyon Ski Area,Idaho,6600,6.90875477931522,0,0.0,0,0,0,0,4,2,6,3.9512437185814275,0.6931471805599453,0.8329091229351039,6.608000625296087,0.0,115.10394265232976,4.143134726391533,5.303304908059076,57.91695652173913,42.0,120.0530035335689,0.0,1
Lookout Pass Ski Area,Idaho,5650,7.048386408721883,0,0.0,0,0,0,1,3,0,4,3.58351893845611,1.0986122886681098,0.9162907318741551,6.293419278846481,0.0,113.0,4.442651256490317,5.993961427306569,44.0,47.0,140.0,0.0,2
Magic Mountain Ski Area,Idaho,7200,6.55250788703459,0,0.0,0,0,0,0,1,2,3,2.4849066497880004,0.0,0.9162907318741551,5.638354669333745,0.0,65.0,4.406719247264253,5.198497031265826,32.0,32.0,70.0,0.0,1
Pebble Creek Ski Area,Idaho,8560,7.696667081526462,0,0.0,0,0,0,3,0,0,3,4.007333185232471,1.0986122886681098,0.8329091229351039,7.00397413672268,3.4339872044851463,85.0,4.2626798770413155,5.5254529391317835,47.0,47.0,91.0,3.4339872044851463,1
Pomerelle Mountain Resort,Idaho,9000,6.90875477931522,0,0.0,0,0,0,1,1,1,3,3.2188758248682006,1.0986122886681098,0.9162907318741551,6.2166061010848646,3.9318256327243257,138.0,4.04305126783455,6.2166061010848646,57.91695652173913,47.0,138.0,4.61512051684126,1
Schweitzer,Idaho,6400,7.783640596221253,0,0.0,1,2,0,1,3,2,9,4.532599493153256,1.3862943611198906,1.1314021114911006,7.972810784121404,3.871201010907891,136.0,4.04305126783455,5.707110264748875,81.0,81.0,120.0530035335689,4.61512051684126,1
Silver Mountain,Idaho,6300,7.696667081526462,1,0.0,0,0,1,2,2,1,7,4.394449154672439,1.0986122886681098,1.252762968495368,7.3783837129967145,5.420534999272286,130.0,3.4011973816621555,5.707110264748875,57.0,62.0,193.0,3.044522437723423,1
Soldier Mountain Ski Area,Idaho,7200,7.244941546337007,0,0.0,0,0,0,0,2,1,3,3.6109179126442243,0.0,0.3364722366212129,7.04141166379481,0.0,60.0,4.276666119016055,5.707110264748875,43.0,43.0,120.0530035335689,0.0,1
Sun Valley,Idaho,9150,8.131824785007195,1,0.0,0,9,0,3,2,3,18,4.795790545596741,2.0794415416798357,1.3862943611198906,7.628031126930335,6.470799503782602,149.0,4.430816798843313,5.3981627015177525,57.91695652173913,43.0,137.0,0.0,1
Tamarack Resort,Idaho,7700,7.937731775260109,0,0.0,0,2,2,0,0,2,6,3.8918202981106265,1.3862943611198906,0.9162907318741551,6.928537818164665,5.303304908059076,115.10394265232976,2.772588722239781,5.707110264748875,71.0,71.0,150.0,0.0,1
Chestnut Mountain Resort,Illinois,1040,6.16541785423142,0,0.0,0,0,2,4,0,3,9,3.1354942159291497,1.3862943611198906,0.1823215567939546,4.941642422609304,4.941642422609304,87.0,4.110873864173311,3.9318256327243257,40.0,55.0,112.0,4.941642422609304,0
Four Lakes,Illinois,500,4.61512051684126,0,0.0,0,0,0,0,0,7,7,2.0794415416798357,0.6931471805599453,0.09531017980432493,2.302585092994046,2.302585092994046,78.0,4.07753744390572,3.2188758248682006,57.91695652173913,55.0,70.0,2.302585092994046,0
Ski Snowstar Winter Sports Park,Illinois,790,5.572154032177765,0,0.0,0,0,2,0,2,2,6,2.772588722239781,0.6931471805599453,0.5877866649021191,3.367295829986474,3.367295829986474,56.0,3.6635616461296463,3.6635616461296463,25.0,35.0,86.0,3.367295829986474,0
Villa Olivia,Illinois,500,5.198497031265826,0,0.0,0,0,1,0,0,6,7,2.0794415416798357,0.6931471805599453,0.09531017980432493,2.772588722239781,2.772588722239781,115.10394265232976,3.9889840465642745,3.258096538021482,40.0,40.0,70.0,2.772588722239781,0
Paoli Peaks,Indiana,900,5.707110264748875,0,0.0,0,1,1,3,1,2,8,2.772588722239781,1.0986122886681098,0.3364722366212129,4.189654742026425,4.189654742026425,75.0,3.7376696182833684,2.9444389791664403,38.0,45.0,80.0,4.189654742026425,0
Perfect North Slopes,Indiana,800,5.993961427306569,0,0.0,0,0,2,3,0,6,11,3.1780538303479458,1.0986122886681098,0.6931471805599453,4.61512051684126,4.61512051684126,82.0,3.6888794541139363,3.2188758248682006,52.0,52.0,90.0,4.61512051684126,0
Mt. Crescent Ski Area,Iowa,1500,5.707110264748875,0,0.0,0,0,1,0,1,0,2,2.4849066497880004,0.6931471805599453,0.1823215567939546,3.9318256327243257,3.9318256327243257,115.10394265232976,4.07753744390572,3.4339872044851463,29.0,39.0,120.0530035335689,3.9318256327243257,0
Seven Oaks,Iowa,975,5.62040086571715,0,0.0,0,0,0,2,0,2,4,2.4849066497880004,1.0986122886681098,0.6931471805599453,3.58351893845611,3.58351893845611,100.0,3.1354942159291497,3.713572066704308,40.0,40.0,100.0,3.58351893845611,0
Sundown Mountain,Iowa,1059,6.16541785423142,0,0.0,0,0,1,1,2,2,6,3.091042453358316,1.0986122886681098,0.47000362924573563,4.02535169073515,4.02535169073515,115.10394265232976,3.8501476017100584,3.828641396489095,38.0,46.0,120.0530035335689,4.02535169073515,0
Big Squaw Mountain Ski Resort,Maine,3200,6.493753839851686,0,0.0,0,0,0,1,0,0,1,3.4011973816621555,0.0,0.5877866649021191,4.61512051684126,0.0,67.0,1.9459101490553132,3.828641396489095,30.0,30.0,58.0,0.0,2
Camden Snow Bowl,Maine,1080,6.7464121285733745,0,0.0,0,0,0,1,1,1,3,3.295836866004329,1.0986122886681098,0.6931471805599453,4.61512051684126,3.8918202981106265,68.0,4.430816798843313,4.248495242049359,33.0,43.0,70.0,3.8918202981106265,0
Lost Valley,Maine,495,5.484796933490655,0,0.0,0,0,0,0,2,2,4,3.1354942159291497,1.0986122886681098,0.26236426446749106,3.828641396489095,3.828641396489095,87.0,4.07753744390572,3.9318256327243257,29.0,55.0,104.0,3.828641396489095,0
Mt. Abram Ski Resort,Maine,2250,7.048386408721883,0,0.0,0,0,0,0,2,3,5,4.007333185232471,0.6931471805599453,0.4054651081081644,6.46302945692067,5.170483995038151,120.0,4.0943445622221,4.836281906951478,29.0,49.0,120.0,0.0,0
Mt. Jefferson,Maine,753,6.07073772800249,0,0.0,0,0,0,0,0,3,3,2.3978952727983707,0.0,0.26236426446749106,2.5649493574615367,0.0,115.10394265232976,2.995732273553991,4.836281906951478,57.91695652173913,49.0,120.0530035335689,0.0,0
New Hermon Mountain,Maine,450,5.860786223465865,0,0.0,0,0,0,0,1,2,3,3.044522437723423,0.0,1.0647107369924282,4.2626798770413155,4.2626798770413155,102.0,4.02535169073515,4.51085950651685,32.0,32.0,117.0,3.828641396489095,0
Shawnee Peak,Maine,1900,7.208600337960199,0,0.0,0,0,1,2,1,2,6,3.784189633918261,1.3862943611198906,0.5877866649021191,5.480638923341991,5.459585514144159,97.0,4.406719247264253,4.709530201312334,55.0,75.0,103.0,4.709530201312334,0
Sugarloaf,Maine,4237,7.944846711001996,0,0.0,0,2,3,1,5,2,13,5.093750200806762,1.6094379124341003,1.5040773967762742,7.123672785204607,6.428105272684596,159.0,4.23410650459726,5.303304908059076,99.0,99.0,155.0,0.0,2
Sunday River,Maine,3140,7.75833346749091,1,0.0,0,4,5,3,1,1,15,4.912654885736052,1.791759469228055,1.3862943611198906,6.769641976852503,6.315358001522335,165.0,4.110873864173311,5.123963979403259,105.0,105.0,169.0,4.948759890378168,2
Wisp,Maryland,3115,6.55250788703459,0,0.0,0,0,2,5,0,5,12,3.5553480614894135,1.3862943611198906,0.9162907318741551,5.153291594497779,4.77912349311153,121.0,4.174387269895637,4.61512051684126,59.0,79.0,120.0,4.77912349311153,2
Berkshire East,Massachusetts,1720,7.074116816197362,0,0.0,0,0,2,1,1,2,6,3.871201010907891,1.0986122886681098,1.0986122886681098,5.198497031265826,5.111987788356544,120.0,4.23410650459726,4.795790545596741,48.0,68.0,120.0,4.394449154672439,0
Blandford Ski Area,Massachusetts,1685,6.144185634125646,0,0.0,0,0,0,0,3,2,5,3.4011973816621555,1.0986122886681098,0.4054651081081644,4.890349128221754,4.2626798770413155,115.10394265232976,4.430816798843313,3.9318256327243257,20.0,45.0,120.0530035335689,4.2626798770413155,0
Blue Hills Ski Area,Massachusetts,635,5.736572297479192,0,0.0,0,0,0,0,1,3,4,2.833213344056216,0.6931471805599453,0.8892199089667244,4.110873864173311,4.110873864173311,115.10394265232976,2.995732273553991,3.9318256327243257,40.0,45.0,120.0530035335689,0.0,0
Bousquet Ski Area,Massachusetts,1875,6.621405651764134,0,0.0,0,0,0,0,3,2,5,3.1780538303479458,0.6931471805599453,0.6931471805599453,5.303304908059076,4.59511985013459,115.10394265232976,2.995732273553991,4.430816798843313,25.0,49.0,120.0530035335689,4.61512051684126,0
Bradford Ski Area,Massachusetts,1548,5.517452896464707,0,0.0,0,0,0,2,0,8,10,2.772588722239781,0.6931471805599453,0.26236426446749106,3.8918202981106265,3.8918202981106265,115.10394265232976,4.276666119016055,4.430816798843313,37.0,55.0,120.0530035335689,0.0,0
Jiminy Peak,Massachusetts,2380,7.048386408721883,0,0.0,1,0,2,3,1,2,9,3.828641396489095,1.3862943611198906,1.0986122886681098,5.123963979403259,5.099866427824199,121.0,4.276666119016055,4.51085950651685,81.0,81.0,120.0,4.653960350157523,0
Nashoba Valley,Massachusetts,440,5.484796933490655,0,0.0,0,0,0,3,1,7,11,2.8903717578961645,1.0986122886681098,0.4054651081081644,3.970291913552122,3.970291913552122,112.0,4.02535169073515,4.02535169073515,48.0,58.0,126.0,3.970291913552122,0
Otis Ridge Ski Area,Massachusetts,1700,5.993961427306569,0,0.0,0,0,0,0,1,3,4,2.4849066497880004,0.6931471805599453,0.6931471805599453,4.110873864173311,4.02535169073515,106.0,4.30406509320417,4.2626798770413155,20.0,40.0,106.0,3.58351893845611,0
Ski Butternut,Massachusetts,1800,6.90875477931522,0,0.0,0,0,3,1,1,6,11,3.1354942159291497,1.0986122886681098,0.9162907318741551,4.709530201312334,4.709530201312334,107.0,4.04305126783455,4.7535901911063645,25.0,60.0,110.0,0.0,0
Ski Ward,Massachusetts,420,5.351858133476067,0,0.0,0,0,0,1,0,3,4,2.4849066497880004,0.6931471805599453,0.1823215567939546,3.828641396489095,3.828641396489095,105.0,3.9318256327243257,4.394449154672439,57.91695652173913,60.0,120.0,3.6635616461296463,0
Wachusett Mountain Ski Area,Massachusetts,2006,6.90875477931522,0,0.0,0,3,0,1,0,4,8,3.332204510175204,1.0986122886681098,0.9162907318741551,4.727387818712341,4.727387818712341,115.10394265232976,4.060443010546419,4.61512051684126,65.0,71.0,120.0,4.653960350157523,0
Alpine Valley Ski Area,Michigan,500,5.484796933490655,0,0.0,0,0,1,2,5,6,14,3.258096538021482,1.3862943611198906,0.1823215567939546,4.61512051684126,4.61512051684126,115.10394265232976,4.060443010546419,3.044522437723423,39.0,47.0,120.0530035335689,4.61512051684126,0
Apple Mountain,Michigan,820,5.3981627015177525,0,0.0,0,0,1,0,0,5,6,2.5649493574615367,0.0,0.8892199089667244,4.394449154672439,3.7612001156935624,115.10394265232976,4.07753744390572,3.970291913552122,35.0,35.0,120.0530035335689,4.394449154672439,0
Big Powderhorn Mountain,Michigan,1800,6.398594934535208,0,0.0,0,0,0,0,9,1,10,3.828641396489095,1.0986122886681098,0.6931471805599453,5.537334267018537,5.43372200355424,100.0,4.02535169073515,5.3706380281276624,69.0,69.0,108.0,0.0,0
Bittersweet Ski Area,Michigan,850,5.860786223465865,0,0.0,0,0,1,7,0,4,12,3.044522437723423,1.0986122886681098,0.1823215567939546,4.61512051684126,4.61512051684126,80.0,3.6109179126442243,4.51085950651685,38.0,48.0,120.0530035335689,4.61512051684126,0
Big Snow Resort - Blackjack,Michigan,850,6.144185634125646,0,0.0,0,0,0,0,4,2,6,3.295836866004329,1.0986122886681098,0.6931471805599453,5.14166355650266,4.465908118654584,95.0,3.7612001156935624,5.351858133476067,49.0,65.0,115.0,0.0,0
Boyne Highlands,Michigan,1290,6.315358001522335,0,0.0,0,1,3,4,0,2,10,4.02535169073515,1.6094379124341003,0.7884573603642703,6.077642243349034,5.993961427306569,97.0,4.04305126783455,4.948759890378168,78.0,98.0,120.0,5.017279836814924,0
Boyne Mountain Resort,Michigan,1120,6.2166061010848646,0,0.0,1,0,4,3,2,2,12,4.110873864173311,2.0794415416798357,0.6931471805599453,6.030685260261263,5.942799375126701,122.0,4.276666119016055,4.948759890378168,57.91695652173913,98.0,130.0,5.303304908059076,0
Caberfae Peaks,Michigan,1569,6.186208623900494,0,0.0,0,0,1,2,1,1,5,3.5553480614894135,1.0986122886681098,0.7884573603642703,5.303304908059076,5.303304908059076,118.0,4.418840607796598,4.948759890378168,39.0,49.0,130.0,5.017279836814924,0
Cannonsburg,Michigan,1100,5.5254529391317835,0,0.0,0,0,1,1,1,7,10,3.091042453358316,1.791759469228055,0.09531017980432493,4.61512051684126,0.0,100.0,4.007333185232471,4.61512051684126,30.0,37.0,100.0,0.0,0
Crystal Mountain,Michigan,1132,5.929589143389895,0,0.0,0,1,3,2,0,2,8,4.07753744390572,1.3862943611198906,0.26236426446749106,4.634728988229636,4.574710978503383,120.0,4.1588830833596715,4.890349128221754,54.0,64.0,135.0,4.04305126783455,0
Big Snow Resort - Indianhead Mountain,Michigan,1935,6.459904454377535,0,0.0,0,0,1,1,5,2,9,3.4965075614664802,1.0986122886681098,0.6931471805599453,5.484796933490655,5.017279836814924,120.0,4.110873864173311,5.3230099791384085,49.0,49.0,120.0,0.0,0
Marquette Mountain,Michigan,1357,6.398594934535208,0,0.0,0,0,0,1,2,1,4,3.58351893845611,1.3862943611198906,0.5306282510621704,5.135798437050262,4.969813299576001,139.0,4.110873864173311,5.351858133476067,57.91695652173913,49.0,135.0,4.499809670330265,0
Mont Ripley,Michigan,1140,6.089044875446846,0,0.0,0,0,0,0,2,2,4,3.258096538021482,1.0986122886681098,0.5877866649021191,4.727387818712341,4.727387818712341,114.0,4.430816798843313,5.62040086571715,49.0,49.0,100.0,4.61512051684126,0
Mount Bohemia,Michigan,1500,6.803505257608338,0,0.0,0,0,0,1,1,0,2,3.258096538021482,0.0,1.1939224684724346,6.373319789577012,0.0,83.0,2.995732273553991,5.6131281063880705,68.0,68.0,100.0,0.0,0
Mt. Brighton,Michigan,1330,5.442417710521793,0,0.0,0,0,2,3,0,8,13,3.258096538021482,1.791759469228055,0.09531017980432493,4.875197323201151,4.875197323201151,111.0,4.0943445622221,4.110873864173311,52.0,59.0,100.0,4.875197323201151,0
Mt. Holiday Ski Area,Michigan,440,5.303304908059076,0,0.0,0,0,0,0,2,2,4,2.5649493574615367,0.0,0.09531017980432493,3.828641396489095,3.828641396489095,100.0,4.2626798770413155,4.795790545596741,22.0,34.0,90.0,3.828641396489095,0
Mount Holly,Michigan,1105,5.860786223465865,0,0.0,0,1,2,3,1,6,13,2.995732273553991,0.0,0.09531017980432493,4.61512051684126,4.61512051684126,115.10394265232976,4.1588830833596715,3.7612001156935624,37.0,45.0,102.0,4.61512051684126,0
Mulligan's Hollow Ski Bowl,Michigan,700,4.875197323201151,0,0.0,0,0,0,0,0,5,5,1.9459101490553132,0.0,0.1823215567939546,2.3978952727983707,2.3978952727983707,115.10394265232976,2.995732273553991,4.110873864173311,15.0,20.0,120.0530035335689,2.3978952727983707,0
Norway Mountain,Michigan,1335,6.2166061010848646,0,0.0,0,0,0,1,2,3,6,2.8903717578961645,0.6931471805599453,0.8754687373538999,5.231108616854587,5.231108616854587,110.0,3.828641396489095,4.61512051684126,57.91695652173913,45.0,110.0,3.713572066704308,0
Nubs Nob Ski Area,Michigan,1338,6.059123195581797,0,0.0,0,0,3,4,2,1,10,3.9889840465642745,1.3862943611198906,0.6418538861723947,5.517452896464707,5.517452896464707,133.0,4.127134385045092,4.912654885736052,65.0,85.0,130.0,5.081404364984463,0
Pine Knob Ski Resort,Michigan,1308,5.707110264748875,0,0.0,0,0,0,0,0,6,6,2.70805020110221,1.3862943611198906,0.6931471805599453,4.394449154672439,4.394449154672439,115.10394265232976,4.07753744390572,4.912654885736052,49.0,57.0,120.0530035335689,0.0,0
Pine Mountain,Michigan,1650,6.2166061010848646,0,0.0,0,0,0,1,2,1,4,3.367295829986474,0.6931471805599453,0.4054651081081644,5.081404364984463,5.081404364984463,110.0,4.394449154672439,4.110873864173311,57.91695652173913,45.0,126.0,4.394449154672439,0
Schuss Mountain at Shanty Creek,Michigan,1125,6.111467339502679,0,0.0,0,0,5,0,0,3,8,3.7612001156935624,1.3862943611198906,0.6931471805599453,4.2626798770413155,4.2626798770413155,94.0,4.060443010546419,5.081404364984463,58.0,78.0,111.0,4.2626798770413155,0
Ski Brule,Michigan,1860,6.2166061010848646,0,0.0,0,0,0,0,5,7,12,2.8903717578961645,1.3862943611198906,0.6931471805599453,5.017279836814924,5.017279836814924,164.0,4.143134726391533,5.017279836814924,49.0,49.0,165.0,3.713572066704308,0
Snow Snake Mountain Ski Area,Michigan,1230,5.351858133476067,0,0.0,0,0,0,1,0,5,6,2.5649493574615367,1.0986122886681098,0.0,3.713572066704308,3.713572066704308,115.10394265232976,4.290459441148391,5.017279836814924,30.0,35.0,120.0530035335689,3.713572066704308,0
Swiss Valley,Michigan,1200,5.420534999272286,0,0.0,0,0,2,1,0,4,7,2.4849066497880004,1.0986122886681098,0.09531017980432493,4.110873864173311,4.110873864173311,89.0,3.9512437185814275,4.110873864173311,32.0,42.0,80.0,4.110873864173311,0
The Homestead,Michigan,900,5.771441123130016,0,0.0,0,0,0,2,1,2,5,2.772588722239781,0.6931471805599453,0.1823215567939546,2.833213344056216,2.833213344056216,47.0,3.5553480614894135,5.017279836814924,50.0,50.0,42.0,2.833213344056216,0
Timber Ridge,Michigan,850,5.5254529391317835,0,0.0,0,0,1,1,2,4,8,2.833213344056216,1.0986122886681098,0.26236426446749106,3.9318256327243257,3.9318256327243257,80.0,4.07753744390572,5.017279836814924,35.0,45.0,120.0530035335689,3.9318256327243257,0
Treetops Resort,Michigan,1345,5.420534999272286,0,0.0,0,0,0,3,0,2,5,3.1780538303479458,1.3862943611198906,0.1823215567939546,4.394449154672439,4.394449154672439,63.0,4.189654742026425,5.170483995038151,57.91695652173913,45.0,101.0,4.394449154672439,0
Afton Alps,Minnesota,1530,5.860786223465865,0,0.0,0,0,1,3,14,4,22,3.8918202981106265,1.791759469228055,0.4054651081081644,5.5254529391317835,5.5254529391317835,135.0,4.04305126783455,4.110873864173311,55.0,60.0,135.0,5.5254529391317835,0
Andes Tower Hills Ski Area,Minnesota,1620,5.673323267171493,0,0.0,0,0,1,2,0,3,6,2.772588722239781,1.0986122886681098,0.1823215567939546,3.58351893845611,3.58351893845611,100.0,3.6635616461296463,4.02535169073515,45.0,45.0,110.0,3.58351893845611,0
Buck Hill,Minnesota,1225,5.736572297479192,0,0.0,0,0,2,1,0,5,8,2.833213344056216,0.0,0.1823215567939546,3.828641396489095,3.828641396489095,115.0,4.189654742026425,4.110873864173311,34.0,47.0,112.0,3.828641396489095,0
Buena Vista Ski Area,Minnesota,1510,5.442417710521793,0,0.0,0,0,0,2,2,2,6,2.8903717578961645,0.0,0.26236426446749106,3.4339872044851463,3.4339872044851463,57.0,4.2626798770413155,4.3694478524670215,44.0,44.0,60.0,3.4339872044851463,0
Coffee Mill Ski & Snowboard Resort,Minnesota,1150,6.054439346269371,0,0.0,0,0,0,0,2,1,3,2.70805020110221,0.6931471805599453,0.6931471805599453,3.713572066704308,3.58351893845611,57.0,3.6888794541139363,3.8918202981106265,23.0,37.0,56.0,3.58351893845611,0
Elm Creek Winter Recreation Area,Minnesota,928,4.110873864173311,0,0.0,0,0,0,0,0,3,3,1.3862943611198906,0.0,0.6931471805599453,2.772588722239781,3.044522437723423,105.0,2.6390573296152584,3.828641396489095,17.0,17.0,102.0,2.772588722239781,0
Giants Ridge Resort,Minnesota,1972,6.2166061010848646,0,0.0,0,1,1,1,2,2,7,3.58351893845611,1.0986122886681098,0.5877866649021191,5.313205979041787,5.313205979041787,120.0,3.58351893845611,4.454347296253507,49.0,58.0,125.0,4.804021044733257,0
Hyland Ski & Snowboard Area,Minnesota,1075,5.170483995038151,0,0.0,0,0,2,1,0,5,8,2.70805020110221,0.6931471805599453,0.6931471805599453,3.58351893845611,3.58351893845611,110.0,4.127134385045092,4.02535169073515,35.34,35.34,115.0,3.58351893845611,0
Lutsen Mountains,Minnesota,1688,6.716594773520978,1,0.0,1,0,0,1,4,1,8,4.143134726391533,1.0986122886681098,1.0986122886681098,5.976350909297934,5.44673737166631,135.0,4.276666119016055,4.795790545596741,84.0,84.0,127.0,0.0,0
Mount Kato Ski Area,Minnesota,540,5.484796933490655,0,0.0,0,0,5,0,3,2,10,2.995732273553991,1.6094379124341003,0.6931471805599453,4.02535169073515,4.02535169073515,115.0,3.784189633918261,3.9318256327243257,34.0,46.0,120.0,3.9318256327243257,0
Powder Ridge Ski Area,Minnesota,790,5.707110264748875,0,0.0,0,0,1,0,2,3,6,2.772588722239781,1.6094379124341003,0.8892199089667244,4.110873864173311,4.110873864173311,97.0,4.07753744390572,3.828641396489095,36.0,48.0,113.0,4.110873864173311,0
Spirit Mountain,Minnesota,1320,6.55250788703459,0,0.0,0,1,1,2,1,2,7,3.1354942159291497,1.3862943611198906,0.6931471805599453,5.170483995038151,5.170483995038151,100.0,3.828641396489095,4.61512051684126,59.0,59.0,125.0,4.976733742420574,0
Welch Village,Minnesota,1060,5.8888779583328805,0,0.0,0,0,3,1,4,2,10,3.9318256327243257,0.6931471805599453,0.5877866649021191,4.836281906951478,4.836281906951478,114.0,4.007333185232471,3.828641396489095,54.0,60.0,122.0,4.61512051684126,0
Wild Mountain Ski & Snowboard Area,Minnesota,1113,5.707110264748875,0,0.0,0,0,4,0,0,4,8,3.295836866004329,1.6094379124341003,0.6418538861723947,4.61512051684126,4.61512051684126,130.0,3.871201010907891,3.9318256327243257,55.0,55.0,140.0,4.61512051684126,0
Hidden Valley Ski Area,Missouri,2566,5.739792912179234,0,0.0,0,0,2,2,0,3,7,2.8903717578961645,0.0,0.09531017980432493,3.4339872044851463,3.4339872044851463,115.10394265232976,3.6375861597263857,3.295836866004329,49.0,49.0,120.0530035335689,2.8903717578961645,0
Snow Creek,Missouri,1100,5.707110264748875,0,0.0,0,0,0,2,1,2,5,2.70805020110221,1.0986122886681098,0.26236426446749106,3.4339872044851463,3.4339872044851463,69.0,3.5263605246161616,3.044522437723423,37.0,47.0,85.0,3.4339872044851463,0
Big Sky Resort,Montana,11166,8.37816098272068,1,1.0,2,5,3,7,5,12,36,5.762051382780177,2.1972245773362196,1.9459101490553132,8.665785595466064,5.993961427306569,144.0,3.8501476017100584,5.993961427306569,57.91695652173913,47.0,144.0,0.0,3
Blacktail Mountain Ski Area,Montana,6676,7.273092595999522,0,0.0,0,0,0,1,2,1,4,3.332204510175204,0.0,0.5306282510621704,6.90875477931522,0.0,115.10394265232976,3.091042453358316,5.5254529391317835,42.0,42.0,120.0530035335689,0.0,1
Bridger Bowl,Montana,8700,7.8636512654486515,0,0.0,0,0,1,6,1,3,11,4.663439094112067,1.0986122886681098,0.9162907318741551,7.601402334583733,4.61512051684126,122.0,4.174387269895637,5.860786223465865,63.0,63.0,133.0,0.0,1
Discovery Ski Area,Montana,8150,7.7752758464868625,0,0.0,0,0,0,5,2,1,8,4.31748811353631,0.6931471805599453,0.9162907318741551,7.783640596221253,3.258096538021482,116.0,3.8501476017100584,5.420534999272286,49.0,49.0,116.0,0.0,1
Great Divide,Montana,7330,7.365812837209472,0,0.0,0,0,0,0,5,1,6,4.709530201312334,1.9459101490553132,1.3862943611198906,7.3783837129967145,5.017279836814924,94.0,4.3694478524670215,5.198497031265826,48.0,48.0,100.0,4.61512051684126,1
Lost Trail - Powder Mtn,Montana,8200,7.496097345175956,0,0.0,0,0,0,0,5,3,8,4.248495242049359,1.0986122886681098,1.252762968495368,7.496097345175956,0.0,84.0,4.406719247264253,5.786897381366708,46.0,46.0,80.0,0.0,1
Maverick Mountain,Montana,8520,7.611347717403621,0,0.0,0,0,0,0,1,1,2,3.1354942159291497,0.0,0.8329091229351039,5.545177444479562,0.0,115.10394265232976,4.430816798843313,5.081404364984463,39.0,39.0,120.0530035335689,0.0,1
Montana Snowbowl,Montana,7600,7.8636512654486515,0,0.0,0,0,0,0,2,2,4,3.6375861597263857,0.0,0.7884573603642703,6.85751406254539,3.044522437723423,115.10394265232976,4.07753744390572,5.707110264748875,50.0,50.0,120.0530035335689,2.3978952727983707,1
Red Lodge Mountain,Montana,9416,7.783640596221253,0,0.0,0,2,0,1,3,1,7,4.2626798770413155,1.0986122886681098,1.252762968495368,7.400009517162692,6.208590026096629,142.0,4.0943445622221,5.5254529391317835,67.0,67.0,136.0,0.0,1
Showdown Montana,Montana,8200,7.244941546337007,0,0.0,0,0,0,1,2,1,4,3.6109179126442243,0.6931471805599453,1.0296194171811581,6.46302945692067,0.0,86.0,4.430816798843313,5.5254529391317835,47.0,47.0,85.0,0.0,1
Teton Pass Ski Resort,Montana,7200,6.918695219020472,0,0.0,0,0,0,0,1,2,3,3.784189633918261,0.6931471805599453,1.3862943611198906,5.802118375377063,0.0,40.0,4.007333185232471,5.5254529391317835,39.0,39.0,150.0,0.0,1
Whitefish Mountain Resort,Montana,6817,7.763871287820222,0,0.0,0,3,2,6,0,3,14,4.663439094112067,1.6094379124341003,1.4586150226995167,8.006700845440367,6.398594934535208,123.0,4.290459441148391,5.811140992976701,81.0,81.0,123.0,6.398594934535208,1
Diamond Peak,Nevada,8540,7.518064181233078,0,0.0,0,1,2,0,3,1,7,3.4339872044851463,1.3862943611198906,1.252762968495368,6.486160788944089,6.20050917404269,100.0,3.9889840465642745,5.707110264748875,89.0,99.0,122.0,0.0,1
Elko SnoBowl,Nevada,7000,6.55250788703459,0,0.0,0,0,0,0,1,1,2,2.3978952727983707,0.0,0.6931471805599453,4.110873864173311,1.0986122886681098,19.0,3.1780538303479458,3.2188758248682006,20.0,20.0,30.0,0.0,1
Lee Canyon,Nevada,11289,6.7580945044277305,0,0.0,0,0,2,1,0,0,3,3.2188758248682006,0.6931471805599453,0.26236426446749106,5.278114659230517,3.9318256327243257,144.0,4.04305126783455,5.087596335232384,70.0,70.0,150.0,0.0,3
Mt. Rose - Ski Tahoe,Nevada,9700,7.496097345175956,0,0.0,2,0,2,2,0,2,8,4.189654742026425,1.791759469228055,1.252762968495368,7.0909098220799835,5.802118375377063,152.0,4.02535169073515,5.860786223465865,135.0,135.0,150.0,0.0,3
Attitash,New Hampshire,2350,7.467942332285852,0,0.0,0,2,1,3,2,1,9,4.23410650459726,1.3862943611198906,1.3862943611198906,5.7430031878094825,5.484796933490655,115.0,4.007333185232471,4.795790545596741,79.0,89.0,130.0,0.0,0
Black Mountain,New Hampshire,2350,7.00397413672268,0,0.0,0,0,0,1,1,3,5,3.828641396489095,0.0,0.9555114450274363,4.969813299576001,4.795790545596741,110.0,4.442651256490317,4.836281906951478,45.0,59.0,107.0,0.0,0
Bretton Woods,New Hampshire,3100,7.313886831633462,0,0.0,0,4,1,1,0,3,9,4.1588830833596715,1.0986122886681098,1.0986122886681098,6.142037405587356,6.059123195581797,180.0,3.8501476017100584,5.303304908059076,85.0,99.0,180.0,3.828641396489095,2
Cannon Mountain,New Hampshire,4080,7.687538766201629,1,0.0,0,1,2,3,1,3,11,4.584967478670572,1.3862943611198906,1.1939224684724346,5.655991810819852,5.262690188904886,124.0,4.406719247264253,5.081404364984463,79.0,79.0,143.0,0.0,2
Cranmore Mountain Resort,New Hampshire,2000,7.0909098220799835,0,0.0,0,1,1,2,1,2,7,4.060443010546419,1.6094379124341003,0.6931471805599453,5.303304908059076,5.262690188904886,107.0,4.418840607796598,5.017279836814924,57.91695652173913,79.0,128.0,0.0,0
Crotched Mountain,New Hampshire,2066,6.92461239604856,0,0.0,0,1,1,1,1,1,5,3.258096538021482,1.3862943611198906,0.7884573603642703,4.61512051684126,4.61512051684126,105.0,2.833213344056216,4.663439094112067,55.0,69.0,100.0,4.61512051684126,0
Dartmouth Skiway,New Hampshire,1943,6.877296071497429,0,0.0,0,0,1,0,1,2,4,3.367295829986474,0.6931471805599453,0.7419373447293773,4.68213122712422,4.007333185232471,104.0,4.1588830833596715,4.61512051684126,50.0,50.0,105.0,0.0,0
Gunstock,New Hampshire,2300,7.244941546337007,0,0.0,0,1,2,2,0,1,6,4.02535169073515,1.6094379124341003,0.9162907318741551,5.429345628954441,5.176149732573829,106.0,4.418840607796598,4.795790545596741,80.0,92.0,120.0530035335689,4.110873864173311,0
King Pine,New Hampshire,850,5.860786223465865,0,0.0,0,0,0,3,0,3,6,2.8903717578961645,1.0986122886681098,0.26236426446749106,3.8918202981106265,3.828641396489095,105.0,4.060443010546419,4.795790545596741,42.0,58.0,107.0,3.1780538303479458,0
Loon Mountain,New Hampshire,3050,7.650168700845001,1,0.0,0,3,1,1,3,2,11,4.127134385045092,1.9459101490553132,1.252762968495368,5.916202062607435,5.777652323222656,149.0,3.9889840465642745,5.081404364984463,57.91695652173913,58.0,144.0,0.0,2
Mount Sunapee,New Hampshire,2743,7.32052696227274,0,0.0,0,2,1,2,1,4,10,4.204692619390966,1.6094379124341003,0.5877866649021191,5.4510384535657,5.375278407684165,130.0,4.276666119016055,4.61512051684126,83.0,93.0,136.0,0.0,2
Pats Peak,New Hampshire,1460,6.647688373563329,0,0.0,0,0,0,4,2,5,11,3.367295829986474,1.3862943611198906,0.9162907318741551,4.7535901911063645,4.7535901911063645,109.0,4.04305126783455,4.61512051684126,58.0,72.0,112.0,4.543294782270004,0
Ragged Mountain Resort,New Hampshire,2250,7.1316985104669115,0,0.0,1,1,0,1,0,3,6,4.060443010546419,1.3862943611198906,0.5306282510621704,5.5254529391317835,5.303304908059076,115.10394265232976,4.007333185232471,4.61512051684126,74.0,84.0,140.0,0.0,0
Waterville Valley,New Hampshire,4004,7.611347717403621,0,0.0,0,2,0,2,3,4,11,4.143134726391533,1.6094379124341003,1.0647107369924282,5.583496308781699,5.3981627015177525,142.0,4.007333185232471,5.003946305945459,79.0,93.0,142.0,0.0,2
Whaleback Mountain,New Hampshire,1800,6.55250788703459,0,0.0,0,0,0,0,1,3,4,3.4339872044851463,0.6931471805599453,0.6931471805599453,4.454347296253507,4.110873864173311,105.0,4.174387269895637,4.709530201312334,30.0,45.0,105.0,4.02535169073515,0
Wildcat Mountain,New Hampshire,4062,7.655864017616056,0,0.0,0,1,0,3,0,1,5,3.8918202981106265,0.0,1.33500106673234,5.420534999272286,5.303304908059076,156.0,4.127134385045092,5.303304908059076,79.0,89.0,150.0,0.0,2
Campgaw Mountain,New Jersey,726,5.616771097666572,0,0.0,0,0,0,0,2,3,5,2.5649493574615367,0.6931471805599453,0.26236426446749106,3.1780538303479458,3.1780538303479458,80.0,4.07753744390572,3.828641396489095,57.91695652173913,89.0,120.0530035335689,2.70805020110221,0
Mountain Creek Resort,New Jersey,1480,6.947937068614969,1,0.0,0,2,2,1,1,3,10,3.8501476017100584,1.3862943611198906,1.0986122886681098,5.123963979403259,5.123963979403259,90.0,4.007333185232471,4.189654742026425,79.99,79.99,100.0,5.123963979403259,0
Angel Fire Resort,New Mexico,10677,7.639161171659173,0,0.0,0,2,0,0,3,2,7,4.406719247264253,1.3862943611198906,1.3862943611198906,6.329720905522696,5.442417710521793,101.0,3.9889840465642745,5.351858133476067,77.0,77.0,101.0,3.9318256327243257,3
Enchanted Forest Ski Area,New Mexico,10078,5.993961427306569,0,0.0,0,0,0,0,0,0,0,3.5263605246161616,0.0,1.252762968495368,6.398594934535208,0.0,130.0,3.5553480614894135,5.484796933490655,20.0,20.0,140.0,0.0,3
Pajarito Mountain Ski Area,New Mexico,10441,7.252053951852814,0,0.0,0,0,1,1,3,1,6,3.828641396489095,1.0986122886681098,0.47000362924573563,6.621405651764134,3.58351893845611,89.0,4.143134726391533,5.099866427824199,49.0,49.0,117.0,0.0,3
Red River,New Mexico,10350,7.3783837129967145,0,0.0,0,0,1,3,1,2,7,4.1588830833596715,1.3862943611198906,1.252762968495368,5.3471075307174685,0.0,110.0,4.110873864173311,5.3706380281276624,79.0,79.0,120.0530035335689,0.0,3
Sandia Peak,New Mexico,10378,7.438971592395862,0,0.0,0,0,0,0,4,1,5,3.6888794541139363,0.6931471805599453,1.0986122886681098,5.303304908059076,3.4339872044851463,32.0,4.418840607796598,4.61512051684126,55.0,55.0,38.0,0.0,3
Sipapu Ski Resort,New Mexico,9255,6.962243464266207,0,0.0,0,0,1,2,0,3,6,3.7612001156935624,1.6094379124341003,0.4054651081081644,5.303304908059076,4.948759890378168,127.0,4.219507705176107,5.25227342804663,47.0,47.0,143.0,0.0,1
Ski Apache,New Mexico,11500,7.550135342488429,1,0.0,0,0,2,6,0,2,11,4.02535169073515,1.3862943611198906,1.0986122886681098,6.621405651764134,5.602118820879701,133.0,4.07753744390572,5.225746673713202,74.0,74.0,124.0,0.0,3
Ski Santa Fe,New Mexico,12075,7.453561871643373,0,0.0,0,0,1,2,2,2,7,4.430816798843313,0.6931471805599453,1.3862943611198906,6.493753839851686,5.62040086571715,107.0,4.30406509320417,5.420534999272286,80.0,80.0,130.0,0.0,3
Taos Ski Valley,New Mexico,12481,8.096208271650037,1,0.0,0,1,3,4,1,4,14,4.718498871295094,0.6931471805599453,1.791759469228055,7.166265974133638,6.473890696352274,137.0,4.174387269895637,5.707110264748875,110.0,110.0,136.0,0.0,3
Belleayre,New York,3429,7.247792581767846,1,0.0,0,1,1,1,2,2,8,3.9318256327243257,1.0986122886681098,1.1631508098056809,5.170483995038151,5.1298987149230735,154.0,4.2626798770413155,4.875197323201151,60.0,72.0,150.0,0.0,2
Brantling Ski Slopes,New York,850,5.5254529391317835,0,0.0,0,0,0,0,0,5,5,2.3978952727983707,0.0,0.09531017980432493,3.044522437723423,2.833213344056216,115.10394265232976,2.995732273553991,4.709530201312334,32.0,32.0,120.0530035335689,0.0,0
Bristol Mountain,New York,2200,7.0909098220799835,0,0.0,0,2,1,1,1,1,6,3.5553480614894135,1.3862943611198906,1.0986122886681098,5.081404364984463,5.003946305945459,129.0,4.02535169073515,4.110873864173311,65.0,76.0,129.0,5.043425116919247,0
Buffalo Ski Club Ski Area,New York,3429,6.2166061010848646,0,0.0,0,0,0,0,2,4,6,3.784189633918261,0.6931471805599453,0.8892199089667244,5.420534999272286,5.017279836814924,115.10394265232976,2.5649493574615367,4.110873864173311,35.0,50.0,120.0530035335689,4.61512051684126,2
Catamount,New York,2000,6.90875477931522,0,0.0,0,0,1,1,2,3,7,3.6109179126442243,1.791759469228055,1.0986122886681098,4.897839799950911,4.875197323201151,100.0,4.394449154672439,4.6913478822291435,38.0,69.0,90.0,4.02535169073515,0
Dry Hill Ski Area,New York,950,5.707110264748875,0,0.0,0,0,0,0,1,2,3,2.0794415416798357,0.6931471805599453,0.1823215567939546,3.58351893845611,3.295836866004329,115.10394265232976,4.02535169073515,4.836281906951478,57.91695652173913,35.0,120.0530035335689,3.295836866004329,0
Gore Mountain,New York,3600,7.839131648274333,1,0.0,0,2,2,3,2,4,14,4.709530201312334,2.0794415416798357,1.7047480922384253,6.0867747269123065,5.82600010738045,142.0,4.02535169073515,5.017279836814924,80.0,88.0,120.0530035335689,2.772588722239781,2
Greek Peak,New York,2100,6.859614903654202,0,0.0,0,0,1,1,4,2,8,4.04305126783455,1.6094379124341003,0.9162907318741551,5.3981627015177525,5.220355825078324,110.0,4.143134726391533,4.812184355372417,49.0,63.2,113.0,5.170483995038151,0
Holiday Mountain,New York,1550,5.993961427306569,0,0.0,0,0,1,0,1,2,4,2.302585092994046,0.0,0.3364722366212129,3.6375861597263857,3.6375861597263857,75.0,4.110873864173311,3.9318256327243257,27.0,42.0,85.0,3.6375861597263857,0
Holiday Valley,New York,2250,6.621405651764134,0,0.0,0,3,8,0,0,2,13,4.110873864173311,1.791759469228055,0.6931471805599453,5.673323267171493,5.58724865840025,116.0,4.143134726391533,5.198497031265826,65.0,78.0,129.0,5.247024072160486,0
Holimont Ski Area,New York,2260,6.55250788703459,0,0.0,0,1,1,2,3,1,8,3.9889840465642745,1.3862943611198906,0.9162907318741551,4.912654885736052,4.912654885736052,110.0,4.060443010546419,5.198497031265826,62.0,75.0,119.0,0.0,0
Hunt Hollow Ski Club,New York,2030,6.716594773520978,0,0.0,0,0,0,1,1,1,3,2.995732273553991,0.6931471805599453,0.6931471805599453,5.993961427306569,5.993961427306569,115.10394265232976,3.970291913552122,4.875197323201151,48.0,58.0,75.0,5.993961427306569,0
Hunter Mountain,New York,3200,7.3783837129967145,0,0.0,2,1,2,2,2,4,13,4.219507705176107,1.6094379124341003,1.0986122886681098,5.771441123130016,5.771441123130016,148.0,4.0943445622221,4.795790545596741,79.0,89.0,155.0,0.0,2
Kissing Bridge,New York,1700,6.311734809152915,0,0.0,0,0,2,1,4,3,10,3.6888794541139363,1.791759469228055,0.4054651081081644,6.55250788703459,6.311734809152915,103.0,4.0943445622221,4.795790545596741,40.0,60.0,100.0,6.478509642208569,0
Labrador Mt.,New York,1825,6.55250788703459,0,0.0,0,0,0,1,2,1,4,3.1780538303479458,0.6931471805599453,0.6931471805599453,5.5254529391317835,5.472270673671475,115.10394265232976,4.143134726391533,4.836281906951478,59.0,59.0,100.0,5.198497031265826,0
Maple Ski Ridge,New York,1200,6.111467339502679,0,0.0,0,0,0,1,1,1,3,2.3978952727983707,0.0,0.26236426446749106,3.258096538021482,3.258096538021482,115.10394265232976,4.060443010546419,4.836281906951478,26.0,38.0,120.0530035335689,3.044522437723423,0
McCauley Mountain Ski Center,New York,2250,6.452048954437226,0,0.0,0,0,0,0,1,4,5,3.1780538303479458,0.6931471805599453,0.26236426446749106,4.2626798770413155,4.02535169073515,105.0,4.127134385045092,5.303304908059076,20.0,30.0,105.0,0.0,0
Mount Peter Ski Area,New York,1250,6.111467339502679,0,0.0,0,0,1,0,2,2,5,2.70805020110221,0.6931471805599453,0.6931471805599453,4.248495242049359,4.248495242049359,100.0,4.430816798843313,3.9318256327243257,35.0,54.0,100.0,4.248495242049359,0
Oak Mountain,New York,2400,6.478509642208569,0,0.0,0,0,1,0,0,3,4,3.1354942159291497,0.6931471805599453,0.7884573603642703,3.8501476017100584,2.9444389791664403,115.10394265232976,4.276666119016055,4.795790545596741,40.0,40.0,120.0530035335689,2.5649493574615367,0
Peek'n Peak,New York,1800,5.993961427306569,0,0.0,0,0,0,8,0,2,10,3.332204510175204,1.6094379124341003,1.2237754316221157,4.709530201312334,4.709530201312334,110.0,4.02535169073515,5.420534999272286,49.0,63.0,120.0530035335689,4.709530201312334,0
Plattekill Mountain,New York,3500,7.00397413672268,0,0.0,0,0,0,1,1,2,4,3.6635616461296463,0.6931471805599453,1.0986122886681098,4.709530201312334,4.330733340286331,65.0,3.295836866004329,5.170483995038151,50.0,67.0,65.0,0.0,2
Royal Mountain Ski Area,New York,1800,6.311734809152915,0,0.0,0,0,0,0,3,0,3,2.70805020110221,0.0,0.26236426446749106,3.58351893845611,3.367295829986474,115.10394265232976,4.1588830833596715,4.51085950651685,45.0,45.0,120.0530035335689,0.0,0
Snow Ridge,New York,2000,6.478509642208569,0,0.0,0,0,0,0,4,2,6,3.091042453358316,1.0986122886681098,0.5877866649021191,4.875197323201151,4.189654742026425,73.0,4.31748811353631,5.442417710521793,38.0,48.0,100.0,3.713572066704308,0
Song Mountain,New York,1940,6.55250788703459,0,0.0,0,0,0,1,1,3,5,3.2188758248682006,0.0,0.3364722366212129,4.543294782270004,4.2626798770413155,90.0,4.02535169073515,4.836281906951478,59.0,59.0,122.0,4.2626798770413155,0
Swain,New York,1970,6.478509642208569,0,0.0,0,0,3,0,1,1,5,3.58351893845611,1.3862943611198906,0.6931471805599453,4.875197323201151,4.51085950651685,102.0,4.290459441148391,4.795790545596741,49.0,59.0,100.0,4.394449154672439,0
Thunder Ridge,New York,1270,6.2166061010848646,0,0.0,0,0,0,1,2,3,6,3.4339872044851463,0.0,0.3364722366212129,4.61512051684126,4.61512051684126,121.0,4.110873864173311,4.795790545596741,57.91695652173913,57.0,121.0,4.61512051684126,0
Titus Mountain,New York,2025,7.0909098220799835,0,0.0,0,0,0,2,6,2,10,3.9318256327243257,1.3862943611198906,1.0986122886681098,5.303304908059076,5.017279836814924,101.0,4.0943445622221,5.017279836814924,39.0,49.0,100.0,4.2626798770413155,0
Toggenburg Mountain,New York,2000,6.55250788703459,0,0.0,0,0,0,1,1,3,5,3.1354942159291497,1.0986122886681098,0.3364722366212129,4.454347296253507,0.0,115.10394265232976,4.204692619390966,4.875197323201151,55.0,55.0,122.0,4.30406509320417,0
West Mountain,New York,1470,6.918695219020472,0,0.0,0,0,0,1,2,2,5,3.4011973816621555,0.6931471805599453,0.47000362924573563,4.8283137373023015,4.663439094112067,115.10394265232976,4.07753744390572,4.394449154672439,49.0,59.0,120.0,4.663439094112067,0
Whiteface Mountain Resort,New York,4650,8.14060704285845,1,0.0,0,1,1,2,5,2,12,4.465908118654584,1.791759469228055,1.1314021114911006,5.666426688112432,5.3981627015177525,122.0,4.127134385045092,5.1298987149230735,96.0,96.0,141.0,0.0,2
Willard Mountain,New York,1415,6.226536669287466,0,0.0,0,0,0,0,2,3,5,2.833213344056216,0.0,0.3364722366212129,3.9318256327243257,3.58351893845611,85.0,2.995732273553991,4.394449154672439,46.0,46.0,120.0,3.58351893845611,0
Windham Mountain,New York,3100,7.3783837129967145,0,0.0,1,2,0,3,1,5,12,4.007333185232471,1.9459101490553132,1.0986122886681098,5.655991810819852,5.638354669333745,123.0,4.0943445622221,4.663439094112067,85.0,95.0,130.0,4.04305126783455,2
Woods Valley Ski Area,New York,1400,6.2166061010848646,0,0.0,0,0,0,0,2,4,6,3.091042453358316,0.0,0.26236426446749106,3.258096538021482,2.833213344056216,115.10394265232976,4.02535169073515,5.198497031265826,31.0,39.0,120.0530035335689,2.772588722239781,0
Appalachian Ski Mountain,North Carolina,4000,5.902633333401366,0,0.0,0,0,2,0,1,2,5,2.5649493574615367,1.3862943611198906,0.4054651081081644,3.332204510175204,3.332204510175204,100.0,4.060443010546419,3.9318256327243257,40.0,64.0,100.0,3.332204510175204,2
Cataloochee Ski Area,North Carolina,5400,6.608000625296087,0,0.0,0,0,1,1,1,2,5,2.9444389791664403,1.0986122886681098,0.6931471805599453,3.9318256327243257,3.9318256327243257,141.0,4.07753744390572,3.9318256327243257,43.0,70.0,108.0,3.9318256327243257,2
Sapphire Valley,North Carolina,3450,5.303304908059076,0,0.0,0,0,1,0,0,2,3,2.9444389791664403,0.6931471805599453,0.6931471805599453,2.1972245773362196,2.1972245773362196,53.0,4.02535169073515,3.2188758248682006,40.0,43.0,60.0,2.1972245773362196,2
Beech Mountain Resort,North Carolina,5506,6.7226297948554485,0,0.0,0,0,3,0,3,2,8,2.8903717578961645,0.6931471805599453,0.6931471805599453,4.564348191467836,4.564348191467836,98.0,3.970291913552122,3.4657359027997265,41.0,68.0,120.0530035335689,4.564348191467836,2
Sugar Mountain Resort,North Carolina,5300,7.0909098220799835,0,0.0,1,0,0,1,4,2,8,3.091042453358316,0.6931471805599453,0.9162907318741551,4.836281906951478,4.836281906951478,114.0,3.9318256327243257,4.356708826689592,45.0,75.0,120.0,4.564348191467836,2
Wolf Ridge Ski Resort,North Carolina,4700,6.580639137284949,0,0.0,0,0,1,0,1,2,4,2.772588722239781,0.6931471805599453,0.47000362924573563,4.189654742026425,4.189654742026425,115.10394265232976,3.912023005428146,4.189654742026425,42.0,65.0,100.0,4.110873864173311,2
Alpine Valley,Ohio,1500,5.442417710521793,0,0.0,0,0,1,2,1,1,5,2.4849066497880004,0.6931471805599453,0.1823215567939546,4.290459441148391,4.290459441148391,105.0,3.9889840465642745,4.795790545596741,43.0,43.0,120.0530035335689,4.290459441148391,0
Boston Mills,Ohio,871,5.579729825986222,0,0.0,0,0,0,4,2,2,8,2.0794415416798357,1.0986122886681098,0.26236426446749106,3.713572066704308,3.713572066704308,92.0,4.04305126783455,3.9512437185814275,44.0,44.0,110.0,3.713572066704308,0
Brandywine,Ohio,871,5.484796933490655,0,0.0,0,0,2,7,2,5,16,2.4849066497880004,1.0986122886681098,0.26236426446749106,4.454347296253507,4.454347296253507,92.0,4.04305126783455,3.9512437185814275,44.0,44.0,110.0,4.454347296253507,0
Mad River Mountain,Ohio,1460,5.707110264748875,0,0.0,0,0,1,2,3,6,12,3.044522437723423,1.6094379124341003,0.4054651081081644,4.976733742420574,4.976733742420574,99.0,4.060443010546419,3.6109179126442243,39.0,44.0,90.0,4.976733742420574,0
Snow Trails,Ohio,1475,5.71042701737487,0,0.0,0,0,0,4,2,3,9,2.8903717578961645,1.3862943611198906,0.1823215567939546,4.394449154672439,4.394449154672439,101.0,4.07753744390572,3.9318256327243257,41.0,52.0,70.0,4.394449154672439,0
Anthony Lakes Mountain Resort,Oregon,8000,6.803505257608338,0,0.0,0,0,0,1,0,2,3,3.091042453358316,1.0986122886681098,0.9162907318741551,7.00397413672268,0.0,75.0,4.04305126783455,5.707110264748875,40.0,40.0,80.0,0.0,1
Cooper Spur,Oregon,4000,5.860786223465865,0,0.0,0,0,0,0,1,1,2,2.3978952727983707,0.0,0.09531017980432493,3.9318256327243257,0.0,78.0,4.204692619390966,4.61512051684126,39.0,39.0,90.0,0.0,2
Hoodoo Ski Area,Oregon,5703,6.943122422819428,0,0.0,0,0,3,1,1,0,5,3.5553480614894135,0.0,0.3364722366212129,6.693323668269949,0.0,80.0,4.406719247264253,5.860786223465865,59.0,59.0,108.0,5.303304908059076,2
Mt. Ashland,Oregon,7533,7.048386408721883,0,0.0,0,0,0,2,2,1,5,3.1780538303479458,1.0986122886681098,0.6931471805599453,5.3981627015177525,0.0,94.0,4.02535169073515,5.707110264748875,45.0,52.0,92.0,3.713572066704308,1
Mt. Bachelor,Oregon,9065,8.121480374750751,0,0.0,0,8,0,3,0,0,11,4.624972813284271,1.791759469228055,1.6094379124341003,8.3707791729607,3.044522437723423,185.0,4.127134385045092,6.137727054086234,99.0,99.0,185.0,0.0,1
Mt. Hood Meadows,Oregon,7300,7.9294865233142895,0,0.0,0,6,0,0,5,2,13,4.454347296253507,1.9459101490553132,1.3862943611198906,7.67368812926773,0.0,118.0,3.9512437185814275,6.066108090103747,57.91695652173913,99.0,160.0,5.14166355650266,1
Mt. Hood Skibowl,Oregon,5100,7.313886831633462,0,0.0,0,0,0,0,4,5,9,4.189654742026425,1.0986122886681098,1.3862943611198906,6.8679744089702925,3.4011973816621555,125.0,4.418840607796598,5.707110264748875,70.0,70.0,144.0,5.762051382780177,2
Spout Springs,Oregon,5500,6.415096959171596,0,0.0,0,0,0,0,2,2,4,2.70805020110221,0.0,0.09531017980432493,5.303304908059076,0.0,117.0,2.995732273553991,4.77912349311153,57.91695652173913,70.0,125.0,4.61512051684126,2
Timberline Lodge,Oregon,8540,8.213652703029998,0,0.0,0,5,0,1,1,1,8,3.7376696182833684,1.791759469228055,1.0986122886681098,7.255591274253665,0.0,305.0,4.418840607796598,6.311734809152915,57.91695652173913,70.0,305.0,5.707110264748875,1
Willamette Pass,Oregon,6683,7.355001921105257,0,0.0,1,0,0,3,0,1,5,3.4011973816621555,0.0,1.1314021114911006,6.320768294250582,4.110873864173311,3.0,4.3694478524670215,6.066108090103747,60.0,60.0,100.0,0.0,1
Bear Creek Mountain Resort,Pennsylvania,1100,6.236369590203704,0,0.0,0,0,3,1,0,2,6,3.1780538303479458,1.3862943611198906,0.6931471805599453,4.465908118654584,4.465908118654584,91.0,3.970291913552122,3.4339872044851463,50.0,60.0,90.0,4.465908118654584,0
Ski Big Bear,Pennsylvania,1250,6.478509642208569,0,0.0,0,0,0,0,4,2,6,2.9444389791664403,0.6931471805599453,0.9162907318741551,3.295836866004329,3.295836866004329,75.0,3.784189633918261,4.248495242049359,50.0,62.0,75.0,3.295836866004329,0
Big Boulder,Pennsylvania,2175,6.398594934535208,0,0.0,0,0,0,2,5,1,8,2.833213344056216,2.1972245773362196,0.8892199089667244,4.02535169073515,4.02535169073515,76.0,4.290459441148391,3.9318256327243257,50.0,65.0,95.0,4.02535169073515,0
Blue Knob,Pennsylvania,3146,6.9782137426306985,0,0.0,0,0,0,2,2,2,6,3.5553480614894135,0.6931471805599453,1.0986122886681098,4.61512051684126,4.442651256490317,87.0,4.04305126783455,4.795790545596741,43.0,68.0,105.0,3.7612001156935624,2
Blue Mountain Resort,Pennsylvania,1600,6.9874902470009905,0,0.0,1,1,1,1,3,9,16,3.6888794541139363,1.791759469228055,0.7884573603642703,5.10594547390058,5.10594547390058,122.0,3.7612001156935624,3.5263605246161616,55.0,65.0,112.0,5.10594547390058,0
Camelback Mountain Resort,Pennsylvania,2100,6.68586094706836,0,0.0,0,2,0,3,5,6,16,3.6375861597263857,1.791759469228055,0.6931471805599453,5.117993812416755,5.117993812416755,100.0,4.04305126783455,3.9318256327243257,55.0,70.0,100.0,5.081404364984463,0
Eagle Rock,Pennsylvania,1810,6.311734809152915,0,0.0,0,0,0,0,3,0,3,2.70805020110221,0.6931471805599453,0.6931471805599453,5.198497031265826,0.0,115.10394265232976,3.871201010907891,3.9318256327243257,57.91695652173913,70.0,40.0,0.0,0
Elk Mountain Ski Resort,Pennsylvania,2693,6.90875477931522,0,0.0,0,0,1,0,5,1,7,3.332204510175204,1.0986122886681098,0.5306282510621704,5.198497031265826,4.990432586778736,115.10394265232976,4.110873864173311,4.110873864173311,55.0,69.0,100.0,4.51085950651685,0
Jack Frost,Pennsylvania,2000,6.398594934535208,0,0.0,0,0,1,2,5,1,9,3.044522437723423,0.6931471805599453,0.6931471805599453,4.61512051684126,4.61512051684126,96.0,3.871201010907891,3.9318256327243257,50.0,65.0,105.0,0.0,0
Liberty,Pennsylvania,1190,6.431331081933479,0,0.0,0,0,5,0,0,3,8,2.833213344056216,1.3862943611198906,0.6931471805599453,4.61512051684126,4.61512051684126,107.0,4.007333185232471,3.4657359027997265,67.0,77.0,97.0,4.61512051684126,0
Mount Pleasant of Edinboro,Pennsylvania,1540,5.831882477283517,0,0.0,0,0,0,1,0,1,2,2.3978952727983707,0.0,0.4054651081081644,3.713572066704308,3.58351893845611,75.0,3.8918202981106265,4.61512051684126,30.0,33.0,90.0,3.58351893845611,0
Roundtop Mountain Resort,Pennsylvania,1400,6.398594934535208,0,0.0,0,0,3,2,0,3,8,3.044522437723423,1.0986122886681098,0.3364722366212129,4.6443908991413725,4.6443908991413725,115.10394265232976,4.02535169073515,3.4339872044851463,63.0,73.0,120.0530035335689,4.61512051684126,0
Seven Springs,Pennsylvania,2994,6.621405651764134,0,0.0,2,0,3,5,0,4,14,3.5263605246161616,2.0794415416798357,0.7884573603642703,5.655991810819852,5.655991810819852,99.0,4.477336814478207,4.912654885736052,67.0,87.0,115.0,5.303304908059076,2
Shawnee Mountain Ski Area,Pennsylvania,1350,6.55250788703459,0,0.0,0,1,1,0,4,4,10,3.1780538303479458,1.0986122886681098,0.9555114450274363,4.836281906951478,4.836281906951478,100.0,3.8066624897703196,3.9318256327243257,55.0,65.0,122.0,4.795790545596741,0
Ski Sawmill,Pennsylvania,2215,6.246106765481563,0,0.0,0,0,0,1,1,3,5,2.70805020110221,0.6931471805599453,0.09531017980432493,2.772588722239781,2.6390573296152584,115.10394265232976,3.9318256327243257,3.2188758248682006,30.0,44.0,90.0,2.772588722239781,0
Montage Mountain,Pennsylvania,1960,6.90875477931522,0,0.0,0,0,1,3,1,2,7,3.295836866004329,0.6931471805599453,0.7884573603642703,4.948759890378168,4.948759890378168,60.0,3.58351893845611,3.871201010907891,67.0,44.0,90.0,4.948759890378168,0
Spring Mountain Ski Area,Pennsylvania,528,6.111467339502679,0,0.0,0,0,0,1,3,2,6,2.302585092994046,0.6931471805599453,0.1823215567939546,3.828641396489095,3.828641396489095,100.0,4.04305126783455,3.044522437723423,57.91695652173913,44.0,100.0,3.828641396489095,0
Tussey Mountain,Pennsylvania,1750,6.255750041753367,0,0.0,0,0,1,0,1,3,5,2.1972245773362196,0.6931471805599453,0.26236426446749106,3.6635616461296463,3.4339872044851463,100.0,3.6888794541139363,3.7376696182833684,40.0,45.0,100.0,3.4339872044851463,0
Whitetail Resort,Pennsylvania,1800,6.841615476477592,0,0.0,0,1,3,0,2,2,8,3.1780538303479458,1.0986122886681098,0.6931471805599453,4.795790545596741,4.795790545596741,116.0,3.367295829986474,3.713572066704308,69.0,71.0,100.0,4.795790545596741,0
Yawgoo Valley,Rhode Island,315,5.5053315359323625,0,0.0,0,0,0,0,2,2,4,2.6390573296152584,0.6931471805599453,0.1823215567939546,3.4339872044851463,3.4339872044851463,100.0,4.007333185232471,3.713572066704308,57.91695652173913,71.0,100.0,3.4339872044851463,0
Deer Mountain Ski Resort,South Dakota,6850,6.846943139585379,0,0.0,0,0,0,1,1,2,4,4.1588830833596715,1.0986122886681098,0.9555114450274363,6.2166061010848646,3.9318256327243257,69.0,3.9512437185814275,5.303304908059076,45.0,45.0,81.0,0.0,1
Terry Peak Ski Area,South Dakota,7100,7.00397413672268,0,0.0,0,3,0,1,0,1,5,3.4339872044851463,0.6931471805599453,0.7884573603642703,6.111467339502679,5.420534999272286,114.0,4.189654742026425,5.017279836814924,58.0,58.0,120.0,0.0,1
Ober Gatlinburg Ski Resort,Tennessee,3300,6.398594934535208,0,0.0,0,0,2,0,1,1,4,2.3978952727983707,0.6931471805599453,0.6931471805599453,7.869019376499023,0.0,83.0,3.8066624897703196,3.58351893845611,36.0,65.0,94.0,0.0,2
Alta Ski Area,Utah,11068,7.839525581704678,0,0.0,0,3,0,1,2,0,6,4.762173934797756,0.0,0.8329091229351039,7.869019376499023,4.948759890378168,150.0,4.406719247264253,6.302618975744905,116.0,116.0,140.0,0.0,3
Beaver Mountain,Utah,8600,7.3783837129967145,0,0.0,0,0,0,1,3,1,5,3.8918202981106265,1.0986122886681098,0.5877866649021191,6.142037405587356,0.0,120.0,4.406719247264253,5.993961427306569,50.0,50.0,120.0,0.0,1
Brian Head Resort,Utah,10970,7.3453648404168685,0,0.0,0,1,0,6,1,0,8,4.276666119016055,1.0986122886681098,0.47000362924573563,6.478509642208569,5.37989735354046,149.0,4.007333185232471,5.8888779583328805,42.0,59.0,148.0,0.0,3
Brighton Resort,Utah,10500,7.465082736399547,0,0.0,0,3,1,1,0,2,7,4.204692619390966,1.6094379124341003,0.7884573603642703,6.957497370876951,5.303304908059076,138.0,4.430816798843313,6.2166061010848646,85.0,85.0,138.0,5.303304908059076,3
Deer Valley Resort,Utah,9570,8.006700845440367,1,0.0,0,13,0,5,2,0,21,4.6443908991413725,0.0,1.33500106673234,7.614312146452,6.493753839851686,115.10394265232976,3.6888794541139363,5.707110264748875,169.0,169.0,120.0530035335689,0.0,3
Eagle Point,Utah,10600,7.313886831633462,0,0.0,0,0,1,1,2,1,5,3.713572066704308,0.6931471805599453,0.6418538861723947,6.478509642208569,0.0,115.10394265232976,2.302585092994046,5.993961427306569,45.0,60.0,109.0,0.0,3
Park City,Utah,10000,8.071218539969863,4,0.0,6,10,4,7,4,6,41,5.834810737062605,2.1972245773362196,1.5040773967762742,8.895766604056085,6.621405651764134,142.0,4.04305126783455,5.87493073085203,57.91695652173913,60.0,143.0,0.0,3
Powder Mountain,Utah,9422,7.833203948641057,0,0.0,0,1,4,1,0,3,9,5.123963979403259,1.0986122886681098,1.5040773967762742,9.043695294567236,0.0,120.0,3.871201010907891,6.2166061010848646,88.0,88.0,146.0,5.707110264748875,1
Snowbasin,Utah,9350,7.972810784121404,3,0.0,1,2,0,3,0,2,11,4.68213122712422,1.6094379124341003,1.5040773967762742,8.006700845440367,6.439350371100098,143.0,4.382026634673881,5.707110264748875,115.0,115.0,138.0,0.0,1
Snowbird,Utah,11000,8.083637203141548,1,0.0,0,6,0,0,4,3,14,5.14166355650266,0.6931471805599453,1.252762968495368,7.824445930877619,0.0,188.0,3.8918202981106265,6.2166061010848646,125.0,125.0,180.0,1.0986122886681098,3
Solitude Mountain Resort,Utah,10488,7.822044008185619,0,0.0,0,4,2,1,1,1,9,4.394449154672439,0.0,1.3862943611198906,7.0909098220799835,5.017279836814924,161.0,4.143134726391533,6.2166061010848646,109.0,119.0,148.0,0.0,3
Sundance,Utah,8250,7.67368812926773,0,0.0,0,0,2,2,0,1,5,3.828641396489095,0.6931471805599453,0.47000362924573563,6.111467339502679,4.727387818712341,128.0,3.9318256327243257,5.771441123130016,80.0,80.0,129.0,0.0,1
Nordic Valley Resort,Utah,6400,6.8679744089702925,0,0.0,0,0,0,0,2,2,4,3.1780538303479458,0.6931471805599453,0.3364722366212129,4.948759890378168,4.442651256490317,105.0,3.9512437185814275,5.707110264748875,45.0,50.0,105.0,4.948759890378168,1
Bolton Valley,Vermont,3150,7.4413203897176174,0,0.0,0,0,2,0,3,1,6,4.276666119016055,1.3862943611198906,0.47000362924573563,5.707110264748875,4.51085950651685,133.0,3.9889840465642745,5.707110264748875,69.0,79.0,132.0,3.9318256327243257,2
Bromley Mountain,Vermont,3284,7.19668657083435,0,0.0,0,1,1,0,4,3,9,3.871201010907891,0.6931471805599453,1.252762968495368,5.187385805840755,5.0369526024136295,115.10394265232976,4.430816798843313,5.1298987149230735,87.0,91.0,152.0,0.0,2
Burke Mountain,Vermont,3267,7.60688453121963,0,0.0,0,2,1,0,0,3,6,3.9318256327243257,1.3862943611198906,1.1631508098056809,5.187385805840755,4.836281906951478,110.0,4.143134726391533,5.384495062789089,73.0,73.0,125.0,0.0,2
Jay Peak,Vermont,3968,7.675081857716334,1,0.0,0,1,3,1,1,2,9,4.382026634673881,1.0986122886681098,1.3862943611198906,5.955837369464831,5.707110264748875,155.0,4.174387269895637,5.857933154483459,89.0,89.0,160.0,0.0,2
Killington Resort,Vermont,4241,8.02322468471667,3,0.0,1,5,4,3,1,5,22,5.049856007249537,1.9459101490553132,1.9459101490553132,7.323830566202317,6.398594934535208,192.0,4.127134385045092,5.5254529391317835,119.0,119.0,120.0530035335689,0.0,2
Mad River Glen,Vermont,3637,7.61972421378267,0,0.0,0,0,0,2,2,1,5,3.970291913552122,0.0,0.6931471805599453,4.7535901911063645,2.833213344056216,134.0,4.276666119016055,5.43372200355424,57.91695652173913,119.0,135.0,0.0,2
Magic Mountain,Vermont,2850,7.313886831633462,0,0.0,0,0,0,0,3,3,6,3.9318256327243257,0.6931471805599453,0.9555114450274363,5.327876168789581,4.564348191467836,76.0,4.0943445622221,5.017279836814924,74.0,74.0,80.0,0.0,2
Mount Snow,Vermont,3600,7.438971592395862,0,0.0,1,3,1,6,4,5,20,4.465908118654584,2.3978952727983707,1.3862943611198906,6.398594934535208,6.175867270105761,135.0,4.189654742026425,5.056245805348308,57.91695652173913,74.0,135.0,0.0,2
Okemo Mountain Resort,Vermont,3344,7.696667081526462,0,0.0,1,4,5,3,0,7,20,4.804021044733257,2.302585092994046,1.6094379124341003,6.504288173536645,6.484635235635252,146.0,4.1588830833596715,5.303304908059076,57.91695652173913,74.0,152.0,0.0,2
Pico Mountain ,Vermont,3967,7.584773077612199,0,0.0,0,2,0,2,2,1,7,4.0943445622221,0.6931471805599453,1.6094379124341003,5.564520407322694,5.056245805348308,115.10394265232976,4.418840607796598,5.5254529391317835,81.0,81.0,120.0530035335689,0.0,2
Smugglers' Notch Resort,Vermont,3640,7.8674885686991285,0,0.0,0,0,0,0,6,2,8,4.3694478524670215,1.9459101490553132,1.3862943611198906,6.90875477931522,5.262690188904886,136.0,4.1588830833596715,5.638354669333745,79.0,79.0,135.0,0.0,2
Stowe Mountain Resort,Vermont,4395,7.766840537085513,2,0.0,0,0,4,2,2,2,12,4.762173934797756,0.0,1.547562508716013,6.186208623900494,5.963579343618446,155.0,4.465908118654584,5.752572638825633,57.91695652173913,79.0,137.0,0.0,2
Stratton Mountain,Vermont,3875,7.602900462204755,1,0.0,4,1,2,1,1,1,11,4.605170185988092,1.6094379124341003,1.3862943611198906,6.508769136971682,6.163314804034641,155.0,4.07753744390572,5.198497031265826,57.91695652173913,79.0,160.0,0.0,2
Sugarbush,Vermont,4083,7.8636512654486515,0,0.0,0,5,5,2,1,3,16,4.718498871295094,1.6094379124341003,1.3862943611198906,6.366470447731438,6.008813185442595,150.0,4.127134385045092,5.5254529391317835,119.0,119.0,156.0,0.0,2
Suicide Six,Vermont,1200,6.478509642208569,0,0.0,0,0,0,0,2,1,3,3.2188758248682006,0.0,0.3364722366212129,4.61512051684126,3.9318256327243257,100.0,4.454347296253507,4.51085950651685,45.0,75.0,106.0,0.0,0
Bryce Resort,Virginia,1750,6.2166061010848646,0,0.0,0,0,1,0,1,5,7,2.1972245773362196,0.0,0.3364722366212129,3.258096538021482,3.258096538021482,100.0,4.007333185232471,3.4339872044851463,43.0,68.0,95.0,3.044522437723423,0
Massanutten,Virginia,2925,7.01301578963963,0,0.0,0,0,3,1,0,3,7,2.6390573296152584,1.0986122886681098,0.5877866649021191,4.2626798770413155,4.2626798770413155,68.0,3.8501476017100584,3.58351893845611,57.91695652173913,68.0,97.0,4.2626798770413155,2
The Homestead Ski Area,Virginia,3200,6.55250788703459,0,0.0,0,0,0,0,1,1,2,2.3978952727983707,0.0,0.6931471805599453,3.828641396489095,4.61512051684126,91.0,4.110873864173311,3.9318256327243257,57.91695652173913,68.0,100.0,0.0,2
Wintergreen Resort,Virginia,3515,6.911747300251674,0,0.0,2,0,1,1,1,0,5,3.332204510175204,1.0986122886681098,0.6931471805599453,4.867534450455582,4.867534450455582,107.0,3.8066624897703196,3.5553480614894135,59.0,68.0,121.0,3.828641396489095,2
49 Degrees North,Washington,5774,7.524021415206125,0,0.0,0,0,1,0,5,1,7,4.499809670330265,0.6931471805599453,1.0986122886681098,7.75190533307861,0.0,101.0,3.8918202981106265,5.71042701737487,62.0,62.0,135.0,5.5254529391317835,2
Alpental,Washington,5420,7.732369222284388,0,0.0,0,1,0,0,3,1,5,3.2188758248682006,0.0,0.7884573603642703,6.716594773520978,0.0,120.0,3.970291913552122,6.061456918928017,57.91695652173913,62.0,144.0,4.804021044733257,2
Bluewood,Washington,5670,7.026426808699636,0,0.0,0,0,0,2,0,1,3,3.2188758248682006,1.0986122886681098,1.0986122886681098,5.87493073085203,0.0,70.0,3.713572066704308,5.707110264748875,42.0,47.0,110.0,0.0,2
Crystal Mountain,Washington,7012,8.03947991910045,1,0.0,2,2,1,2,2,0,10,4.060443010546419,0.6931471805599453,1.252762968495368,7.8636512654486515,2.3978952727983707,115.10394265232976,4.060443010546419,6.18826412308259,99.0,99.0,120.0530035335689,0.0,1
Mission Ridge,Washington,6820,7.719129840906732,0,0.0,0,1,0,0,3,2,6,4.060443010546419,1.3862943611198906,0.5877866649021191,7.601402334583733,4.204692619390966,104.0,3.9889840465642745,5.303304908059076,57.91695652173913,99.0,96.0,6.2166061010848646,1
Mt. Baker,Washington,5000,7.313886831633462,0,0.0,0,0,8,0,0,2,10,3.6635616461296463,0.0,0.5306282510621704,6.90875477931522,0.0,143.0,4.204692619390966,6.498282149476434,53.75,60.01,165.0,0.0,2
Mt. Spokane Ski and Snowboard Park,Washington,5889,7.601402334583733,0,0.0,0,0,0,1,5,1,7,3.970291913552122,1.3862943611198906,0.47000362924573563,7.4413203897176174,0.0,100.0,4.406719247264253,5.707110264748875,45.0,59.0,103.0,3.828641396489095,2
Stevens Pass Resort,Washington,5845,7.496097345175956,0,0.0,0,3,0,4,3,0,10,3.970291913552122,1.6094379124341003,0.6931471805599453,7.026426808699636,0.0,116.0,4.418840607796598,6.133398042996649,57.91695652173913,59.0,145.0,6.111467339502679,2
The Summit at Snoqualmie,Washington,3865,6.933423025730715,0,0.0,0,3,3,4,10,7,27,4.727387818712341,1.791759469228055,0.5877866649021191,7.598399329323964,1.791759469228055,120.0,4.418840607796598,6.061456918928017,85.0,95.0,140.0,6.295266001439646,2
White Pass,Washington,6550,7.62608275807238,0,0.0,0,2,1,1,2,2,8,3.828641396489095,1.0986122886681098,1.252762968495368,7.246368080102461,3.4339872044851463,148.0,4.219507705176107,5.993961427306569,69.0,69.0,144.0,4.51085950651685,1
Canaan Valley Resort,West Virginia,4280,6.7464121285733745,0,0.0,0,0,1,2,0,1,4,3.871201010907891,0.6931471805599453,0.7884573603642703,4.564348191467836,4.330733340286331,115.10394265232976,3.8918202981106265,5.081404364984463,52.0,68.0,93.0,0.0,2
Snowshoe Mountain Resort,West Virginia,4848,7.313886831633462,0,0.0,0,3,2,6,0,3,14,4.110873864173311,1.791759469228055,0.9162907318741551,5.552959584921617,5.552959584921617,125.0,3.8501476017100584,5.198497031265826,70.0,87.0,138.0,4.465908118654584,2
Timberline Four Seasons,West Virginia,4265,6.90875477931522,0,0.0,0,0,0,2,1,1,4,3.713572066704308,0.6931471805599453,1.0986122886681098,4.61512051684126,4.61512051684126,97.0,3.6375861597263857,5.017279836814924,72.0,92.0,115.0,3.332204510175204,2
Winterplace Ski Resort,West Virginia,3600,6.403574197934815,0,0.0,0,0,2,3,2,2,9,3.332204510175204,1.0986122886681098,0.7884573603642703,4.51085950651685,4.51085950651685,120.0,3.6109179126442243,4.61512051684126,56.0,72.0,120.0,4.31748811353631,2
Alpine Valley Resort,Wisconsin,1040,5.963579343618446,0,0.0,0,3,0,3,1,5,12,3.091042453358316,1.3862943611198906,0.1823215567939546,4.51085950651685,4.51085950651685,100.0,4.02535169073515,4.394449154672439,56.0,65.0,120.0,4.51085950651685,0
Bruce Mound,Wisconsin,1375,5.929589143389895,0,0.0,0,0,0,1,0,4,5,2.5649493574615367,1.0986122886681098,0.4054651081081644,3.713572066704308,3.4339872044851463,42.0,4.276666119016055,3.7612001156935624,33.0,25.0,42.0,3.4339872044851463,0
Cascade Mountain,Wisconsin,1280,6.133398042996649,0,0.0,0,2,2,3,2,3,12,3.871201010907891,1.6094379124341003,0.7419373447293773,5.170483995038151,5.170483995038151,120.0,4.060443010546419,4.04305126783455,59.0,64.0,120.0,0.0,0
Christie Mountain,Wisconsin,1650,5.860786223465865,0,0.0,0,0,0,0,1,5,6,3.4339872044851463,1.6094379124341003,0.5877866649021191,3.828641396489095,3.7376696182833684,92.0,3.784189633918261,3.8918202981106265,28.0,38.0,120.0,3.58351893845611,0
Christmas Mountain,Wisconsin,1250,5.5254529391317835,0,0.0,0,0,1,0,0,2,3,2.833213344056216,0.0,0.3364722366212129,3.713572066704308,3.713572066704308,75.0,3.9318256327243257,3.044522437723423,57.91695652173913,38.0,70.0,3.713572066704308,0
Devils Head,Wisconsin,995,6.2166061010848646,0,0.0,0,0,3,1,6,2,12,3.332204510175204,0.6931471805599453,0.6931471805599453,5.564520407322694,5.564520407322694,110.0,3.8918202981106265,3.828641396489095,45.0,65.0,135.0,5.303304908059076,0
Grand Geneva,Wisconsin,1086,5.356586274672012,0,0.0,0,0,0,0,3,3,6,3.044522437723423,0.6931471805599453,0.1823215567939546,3.4339872044851463,3.4339872044851463,90.0,3.258096538021482,3.258096538021482,28.0,49.0,93.0,3.4339872044851463,0
Granite Peak Ski Area,Wisconsin,1942,6.55250788703459,0,0.0,1,2,0,2,0,2,7,4.330733340286331,1.6094379124341003,0.47000362924573563,5.3981627015177525,5.081404364984463,136.0,4.418840607796598,4.330733340286331,92.0,92.0,135.0,5.303304908059076,0
Little Switzerland,Wisconsin,1269,5.303304908059076,0,0.0,0,0,0,0,4,4,8,2.9444389791664403,1.3862943611198906,0.6931471805599453,3.9318256327243257,3.9318256327243257,115.10394265232976,4.169089182157483,4.330733340286331,33.0,41.0,120.0530035335689,3.9318256327243257,0
Mount La Crosse,Wisconsin,1110,6.248042874508429,0,0.0,0,0,0,0,3,1,4,2.995732273553991,0.6931471805599453,0.3364722366212129,4.61512051684126,4.61512051684126,115.0,4.110873864173311,3.713572066704308,56.0,56.0,100.0,4.51085950651685,0
Nordic Mountain,Wisconsin,1137,5.583496308781699,0,0.0,0,0,0,1,1,5,7,2.9444389791664403,1.6094379124341003,0.6931471805599453,4.110873864173311,4.110873864173311,68.0,3.784189633918261,4.394449154672439,57.91695652173913,47.0,90.0,4.110873864173311,0
Sunburst,Wisconsin,1100,5.3706380281276624,0,0.0,0,0,0,0,3,6,9,2.6390573296152584,1.6094379124341003,0.4054651081081644,3.6375861597263857,3.6375861597263857,99.0,4.0943445622221,3.9318256327243257,33.0,44.0,115.0,3.6375861597263857,0
Trollhaugen,Wisconsin,1200,5.564520407322694,0,0.0,0,0,2,0,1,5,8,3.2188758248682006,1.6094379124341003,0.4054651081081644,4.465908118654584,4.465908118654584,130.0,4.248495242049359,3.9318256327243257,54.0,54.0,120.0,4.465908118654584,0
Tyrol Basin,Wisconsin,1160,5.707110264748875,0,0.0,0,0,0,3,0,2,5,2.9444389791664403,1.791759469228055,0.4054651081081644,3.4965075614664802,3.4965075614664802,112.0,4.127134385045092,3.7376696182833684,17.0,48.0,103.0,3.4965075614664802,0
Whitecap Mountain,Wisconsin,1750,5.993961427306569,0,0.0,0,0,1,0,4,0,5,3.784189633918261,0.6931471805599453,0.6931471805599453,5.993961427306569,5.707110264748875,105.0,4.060443010546419,5.303304908059076,60.0,60.0,118.0,0.0,0
Wilmot Mountain,Wisconsin,1030,5.442417710521793,0,0.0,0,0,3,2,2,3,10,3.1780538303479458,1.0986122886681098,0.4054651081081644,4.912654885736052,4.912654885736052,125.0,4.406719247264253,4.2626798770413155,56.0,66.0,139.0,4.912654885736052,0
Grand Targhee Resort,Wyoming,9920,7.7279755421055585,0,0.0,0,2,2,0,0,1,5,4.564348191467836,0.6931471805599453,1.308332819650179,7.864419904994565,0.0,152.0,3.9318256327243257,6.2166061010848646,90.0,90.0,152.0,0.0,3
Hogadon Basin,Wyoming,8000,6.46302945692067,0,0.0,0,0,0,0,1,1,2,3.367295829986474,0.6931471805599453,0.47000362924573563,4.532599493153256,3.4965075614664802,121.0,4.127134385045092,4.394449154672439,48.0,48.0,95.0,0.0,1
Jackson Hole,Wyoming,10450,8.32845106681936,3,0.0,0,4,4,1,2,1,15,4.875197323201151,1.9459101490553132,1.7047480922384253,7.824445930877619,5.278114659230517,130.0,4.007333185232471,6.131226489483141,57.91695652173913,48.0,133.0,0.0,3
Meadowlark Ski Lodge,Wyoming,9500,6.90875477931522,0,0.0,0,0,0,1,1,1,3,2.70805020110221,0.6931471805599453,0.9162907318741551,5.707110264748875,0.0,115.10394265232976,2.302585092994046,6.131226489483141,57.91695652173913,48.0,120.0530035335689,0.0,1
Sleeping Giant Ski Resort,Wyoming,7428,6.698268054115413,0,0.0,0,0,0,1,1,1,3,3.8918202981106265,0.6931471805599453,0.6931471805599453,5.220355825078324,2.9444389791664403,61.0,4.406719247264253,5.739792912179234,42.0,42.0,77.0,0.0,1
Snow King Resort,Wyoming,7808,7.360103972989152,0,0.0,0,0,1,1,1,0,3,3.4965075614664802,1.0986122886681098,0.6931471805599453,5.993961427306569,5.5254529391317835,121.0,4.394449154672439,5.707110264748875,59.0,59.0,123.0,4.709530201312334,1
Snowy Range Ski & Recreation Area,Wyoming,9663,6.898714534329988,0,0.0,0,0,0,1,3,1,5,3.5263605246161616,1.0986122886681098,0.5306282510621704,4.330733340286331,3.4339872044851463,131.0,4.0943445622221,5.5254529391317835,49.0,49.0,120.0530035335689,0.0,3
White Pine Ski Area,Wyoming,9500,7.00397413672268,0,0.0,0,0,0,2,0,0,2,3.258096538021482,0.0,0.3364722366212129,5.916202062607435,0.0,115.10394265232976,4.406719247264253,5.017279836814924,57.91695652173913,49.0,120.0530035335689,0.0,1
